"IUCN_name","Frequency_month","Survey_interval_days","Road_length_km","Survey_period_days","Latitude","Longitude","Country","Roadkill_rate_ind_km_y","Roadkillrate_corrected","AdultBodyMass_g_median","Home_range_Km2","longevity_y","Ageofmaturity_d","SocialGrpSize","Diet_Invertebrates","Diet_Vertebrates.ectotherms","Diet_Scavenger","Diet_Seed","Diet_Plant","Activity_1Diurnal_2Nocturnal","Litter_clutch_size","Litters_or_clutches_per_y","Diet_breadth","Artificial","Cropland","Grassland","Forest","Sparse.vegetation","Water.bodies","Habitat_breadth","Population.density_IndKm2"
"Alouatta caraya",9.3,3.010752688,136,547,-14.157535,-47.59415,"Brazil",0.009812883,0.014297371,5.57696,0.0195,26.32916667,1215.19918,8.9,"0","0","0","0","60","Diurnal",1.005,1,2,"0","0","0","1","0","0",1,11.2
"Alouatta caraya",4,7,70,214,-20.187971,-54.806624,"Brazil",0.024365821,0.035501001,5.57696,0.0195,26.32916667,1215.19918,8.9,"0","0","0","0","60","Diurnal",1.005,1,2,"0","0","0","1","0","0",1,11.2
"Alouatta caraya",4,7,90,610,-25.54553,-48.78396,"Brazil",0.006648452,0.009686795,5.57696,0.0195,26.32916667,1215.19918,8.9,"0","0","0","0","60","Diurnal",1.005,1,2,"0","0","0","1","0","0",1,11.2
"Alouatta caraya",4,7,115,365,-11.904988,-48.737133,"Brazil",0.008695652,0.012669565,5.57696,0.0195,26.32916667,1215.19918,8.9,"0","0","0","0","60","Diurnal",1.005,1,2,"0","0","0","1","0","0",1,11.2
"Alouatta guariba",8,3.5,29,365,-30.117957,-53.619222,"Brazil",0.034482759,0.05024138,5.18833,0.03,13.80833333,766.567175477778,7.4,"0","0","0","0","60","Diurnal",1.39114833333333,1.1676130952381,2,"0","0","0","1","0","0",1,10.5
"Alouatta guariba",672,0.041666667,412,303,-26.07434,-49.744804,"Brazil",0.002923836,0.002923836,5.18833,0.03,13.80833333,766.567175477778,7.4,"0","0","0","0","60","Diurnal",1.39114833333333,1.1676130952381,2,"0","0","0","1","0","0",1,10.5
"Alouatta guariba",672,0.041666667,366,1461,-24.866723,-50.445759,"Brazil",0.002047778,0.002047778,5.18833,0.03,13.80833333,766.567175477778,7.4,"0","0","0","0","60","Diurnal",1.39114833333333,1.1676130952381,2,"0","0","0","1","0","0",1,10.5
"Alouatta guariba",28,1,180.4,1126,-22.307184,-43.130266,"Brazil",0.005390626,0.006447189,5.18833,0.03,13.80833333,766.567175477778,7.4,"0","0","0","0","60","Diurnal",1.39114833333333,1.1676130952381,2,"0","0","0","1","0","0",1,10.5
"Alouatta guariba",4,7,45,366,-30.347781,-53.998679,"Brazil",0.022161506,0.032289314,5.18833,0.03,13.80833333,766.567175477778,7.4,"0","0","0","0","60","Diurnal",1.39114833333333,1.1676130952381,2,"0","0","0","1","0","0",1,10.5
"Alouatta seniculus",8,3.5,178.8,91,9.017987,-73.633823,"Colombia",0.044865649,0.065369251,6.39831,0.1,25,1672.76256,7.9,"0","0","0","0","60","Diurnal",1.2,0.815,2,"0","0","0","1","0","0",2,30
"Atelocynus microtis",20,1.4,36,183,-10.675567,-62.208069,"Brazil",0.110807529,0.132525805,8.36322,3.7557624,11,1095,1,"0","0","0","0","20","Nocturnal",2,1.28220833333333,2,"0","0","0","1","0","0",1,26.4155583571428
"Bradypus variegatus",8,3.5,38.92,92,9.245341,-79.64701,"Panama",0.407748335,0.594089324,4.13636,0.01,3.241666667,1138.91512,1,"0","0","0","0","100","Nocturnal",1,1.05,1,"0","0","0","1","0","0",1,650
"Bradypus variegatus",28,1,180.4,1126,-22.307184,-43.130266,"Brazil",0.025156254,0.03008688,4.13636,0.01,3.241666667,1138.91512,1,"0","0","0","0","100","Nocturnal",1,1.05,1,"0","0","0","1","0","0",1,650
"Cabassous tatouay",56,0.5,34,1461,-25.753,-54.54,"Argentina",0.124914442,0.124914442,5.34995,3.64327093333333,9.15181944469916,465.052771907937,1.399,"100","0","0","0","0","Nocturnal",2.8489125,1.38492083333333,1,"1","0","1","1","0","0",3,41.7719359444444
"Cabassous unicinctus",4,7,70,214,-20.187971,-54.806624,"Brazil",0.024365821,0.035501001,3.98797,1.016,7.483333333,418.416622563889,1,"100","0","0","0","0","Nocturnal",1,1.28558333333333,1,"0","0","1","1","1","0",5,34.013613968254
"Cabassous unicinctus",56,0.5,12,140,-21.98528,-47.871842,"Brazil",0.217261905,0.217261905,3.98797,1.016,7.483333333,418.416622563889,1,"100","0","0","0","0","Nocturnal",1,1.28558333333333,1,"0","0","1","1","1","0",5,34.013613968254
"Callithrix geoffroyi",672,0.041666667,57.5,1765,-20.580677,-40.417217,"Brazil",0.03596502,0.03596502,0.342,0.23,16.5,477,7.03978653846154,"20","0","0","0","0","Diurnal",2.24,2,4,"0","0","0","1","0","0",1,9.7
"Callithrix jacchus",28,1,180.4,1126,-22.307184,-43.130266,"Brazil",0.019765628,0.031842427,0.29021,0.02,16.25,477,8.55,"20","0","0","0","0","Diurnal",2.275,2,4,"1","0","0","1","0","0",2,671
"Callithrix penicillata",16,1.75,130,304,-20.675583,-43.349806,"Brazil",0.03694332,0.05641245,0.33998,0.01,15.7,477,5.9,"20","0","0","0","0","Diurnal",2,2,4,"0","0","0","1","0","0",1,40
"Callithrix penicillata",28,1,180.4,1126,-22.307184,-43.130266,"Brazil",0.005390626,0.007563048,0.33998,0.01,15.7,477,5.9,"20","0","0","0","0","Diurnal",2,2,4,"0","0","0","1","0","0",1,40
"Callithrix penicillata",4,7,96,365,-19.36333333,-48.07916667,"Brazil",0.03125,0.0535625,0.33998,0.01,15.7,477,5.9,"20","0","0","0","0","Diurnal",2,2,4,"0","0","0","1","0","0",1,40
"Callithrix penicillata",9.3,3.010752688,136,547,-14.157535,-47.59415,"Brazil",0.004906442,0.008409642,0.33998,0.01,15.7,477,5.9,"20","0","0","0","0","Diurnal",2,2,4,"0","0","0","1","0","0",1,40
"Callithrix penicillata",4,7,192,365,-19.278735,-48.122972,"Brazil",0.015625,0.02678125,0.33998,0.01,15.7,477,5.9,"20","0","0","0","0","Diurnal",2,2,4,"0","0","0","1","0","0",1,40
"Caluromys derbianus",10,2.8,8,730,18.436503,-95.089337,"Mexico",0.1875,0.2863125,0.32672,0.25285026,6.333333333,240,1,"20","0","0","10","40","Nocturnal",3.105,2,5,"0","1","0","1","0","0",2,153.806847619048
"Caluromys lanatus",9.3,3.010752688,136,547,-14.157535,-47.59415,"Brazil",0.014719325,0.025228923,0.35033,0.287691466666667,5,218.545501885714,1,"20","0","0","10","40","Nocturnal",2.5,3,5,"0","1","0","1","0","0",2,180.533547619048
"Caluromys lanatus",56,0.5,34,1461,-25.753,-54.54,"Argentina",0.036739542,0.036739542,0.35033,0.287691466666667,5,218.545501885714,1,"20","0","0","10","40","Nocturnal",2.5,3,5,"0","1","0","1","0","0",2,180.533547619048
"Caluromys lanatus",10,2.8,11,245,-7.691903,-72.639592,"Brazil",0.406307978,0.620432282,0.35033,0.287691466666667,5,218.545501885714,1,"20","0","0","10","40","Nocturnal",2.5,3,5,"0","1","0","1","0","0",2,180.533547619048
"Caluromys lanatus",8.33,3.361344538,107,90,4.390395,-73.297052,"Colombia",0.075804777,0.129929388,0.35033,0.287691466666667,5,218.545501885714,1,"20","0","0","10","40","Nocturnal",2.5,3,5,"0","1","0","1","0","0",2,180.533547619048
"Caluromys philander",672,0.041666667,57.5,1765,-20.580677,-40.417217,"Brazil",0.039561522,0.039561522,0.24647,0.00996,7.616666667,309.26,1,"20","0","0","10","40","Nocturnal",4.26,2,5,"0","1","0","1","0","0",2,40
"Cavia aperea",8,3.5,29,365,-30.117957,-53.619222,"Brazil",3.655172414,6.264965518,0.52438,0.000922,6,74,2.4596,"0","0","0","0","100","Diurnal",2.31,5,1,"0","1","1","0","1","0",6,994.628130000001
"Cavia aperea",4,7,70,214,-20.187971,-54.806624,"Brazil",0.024365821,0.041763017,0.52438,0.000922,6,74,2.4596,"0","0","0","0","100","Diurnal",2.31,5,1,"0","1","1","0","1","0",6,994.628130000001
"Cavia aperea",6,4.666666667,26,761,-28.170158,-52.314813,"Brazil",0.129131709,0.221331749,0.52438,0.000922,6,74,2.4596,"0","0","0","0","100","Diurnal",2.31,5,1,"0","1","1","0","1","0",6,994.628130000001
"Cavia aperea",8,3.5,28,245,-19.936923,-40.482438,"Brazil",0.053206997,0.091196793,0.52438,0.000922,6,74,2.4596,"0","0","0","0","100","Diurnal",2.31,5,1,"0","1","1","0","1","0",6,994.628130000001
"Cavia aperea",28,1,180.4,1126,-22.307184,-43.130266,"Brazil",0.001796875,0.002521016,0.52438,0.000922,6,74,2.4596,"0","0","0","0","100","Diurnal",2.31,5,1,"0","1","1","0","1","0",6,994.628130000001
"Cavia aperea",4,7,45,366,-30.347781,-53.998679,"Brazil",0.73132969,1.253499089,0.52438,0.000922,6,74,2.4596,"0","0","0","0","100","Diurnal",2.31,5,1,"0","1","1","0","1","0",6,994.628130000001
"Cavia aperea",56,0.5,34,1461,-25.753,-54.54,"Argentina",0.058783267,0.058783267,0.52438,0.000922,6,74,2.4596,"0","0","0","0","100","Diurnal",2.31,5,1,"0","1","1","0","1","0",6,994.628130000001
"Cavia aperea",4,7,63,242,-26.581324,-48.722133,"Brazil",0.047881412,0.08206874,0.52438,0.000922,6,74,2.4596,"0","0","0","0","100","Diurnal",2.31,5,1,"0","1","1","0","1","0",6,994.628130000001
"Cavia aperea",672,0.041666667,366,1461,-24.866723,-50.445759,"Brazil",0.00273037,0.00273037,0.52438,0.000922,6,74,2.4596,"0","0","0","0","100","Diurnal",2.31,5,1,"0","1","1","0","1","0",6,994.628130000001
"Cerdocyon thous",8,3.5,27.2,182,9.489191,-75.514281,"Colombia",3.465376535,5.049053611,5.74166,1.41,11.5,276.05452,2,"50","0","10","0","0","Nocturnal",3.545,1.9,3,"1","1","1","1","1","0",9,0.41
"Cerdocyon thous",672,0.041666667,57.5,1765,-20.580677,-40.417217,"Brazil",0.237369134,0.237369134,5.74166,1.41,11.5,276.05452,2,"50","0","10","0","0","Nocturnal",3.545,1.9,3,"1","1","1","1","1","0",9,0.41
"Cerdocyon thous",4,7,100,365,-13.561588,-58.421854,"Brazil",0.42,0.61194,5.74166,1.41,11.5,276.05452,2,"50","0","10","0","0","Nocturnal",3.545,1.9,3,"1","1","1","1","1","0",9,0.41
"Cerdocyon thous",24,1.166666667,99.3,183,9.508766,-75.236148,"Colombia",0.964125931,1.153094613,5.74166,1.41,11.5,276.05452,2,"50","0","10","0","0","Nocturnal",3.545,1.9,3,"1","1","1","1","1","0",9,0.41
"Cerdocyon thous",12,2.333333333,59.6,730,-19.72597,-40.644482,"Brazil",0.067114094,0.086845638,5.74166,1.41,11.5,276.05452,2,"50","0","10","0","0","Nocturnal",3.545,1.9,3,"1","1","1","1","1","0",9,0.41
"Cerdocyon thous",4,7,63,242,-26.581324,-48.722133,"Brazil",0.071822117,0.104644824,5.74166,1.41,11.5,276.05452,2,"50","0","10","0","0","Nocturnal",3.545,1.9,3,"1","1","1","1","1","0",9,0.41
"Cerdocyon thous",8,3.5,25,1310,-6.115415,-49.990498,"Brazil",0.12259542,0.178621527,5.74166,1.41,11.5,276.05452,2,"50","0","10","0","0","Nocturnal",3.545,1.9,3,"1","1","1","1","1","0",9,0.41
"Cerdocyon thous",12,2.333333333,36,730,-1.005806,-46.774428,"Brazil",0.069444444,0.089861111,5.74166,1.41,11.5,276.05452,2,"50","0","10","0","0","Nocturnal",3.545,1.9,3,"1","1","1","1","1","0",9,0.41
"Cerdocyon thous",8,3.5,49,182,9.821408,-75.442693,"Colombia",1.514352994,2.206412312,5.74166,1.41,11.5,276.05452,2,"50","0","10","0","0","Nocturnal",3.545,1.9,3,"1","1","1","1","1","0",9,0.41
"Cerdocyon thous",4,7,45,366,-30.347781,-53.998679,"Brazil",0.177292046,0.258314511,5.74166,1.41,11.5,276.05452,2,"50","0","10","0","0","Nocturnal",3.545,1.9,3,"1","1","1","1","1","0",9,0.41
"Cerdocyon thous",56,0.5,34,1461,-25.753,-54.54,"Argentina",0.433526593,0.433526593,5.74166,1.41,11.5,276.05452,2,"50","0","10","0","0","Nocturnal",3.545,1.9,3,"1","1","1","1","1","0",9,0.41
"Cerdocyon thous",8,3.5,29,365,-30.117957,-53.619222,"Brazil",0.172413793,0.251206896,5.74166,1.41,11.5,276.05452,2,"50","0","10","0","0","Nocturnal",3.545,1.9,3,"1","1","1","1","1","0",9,0.41
"Cerdocyon thous",8,3.5,55,366,-18.232298,-50.431983,"Brazil",0.380774963,0.554789121,5.74166,1.41,11.5,276.05452,2,"50","0","10","0","0","Nocturnal",3.545,1.9,3,"1","1","1","1","1","0",9,0.41
"Cerdocyon thous",28,1,180.4,1126,-22.307184,-43.130266,"Brazil",0.017968753,0.021490629,5.74166,1.41,11.5,276.05452,2,"50","0","10","0","0","Nocturnal",3.545,1.9,3,"1","1","1","1","1","0",9,0.41
"Cerdocyon thous",9.3,3.010752688,136,547,-14.157535,-47.59415,"Brazil",0.009812883,0.014297371,5.74166,1.41,11.5,276.05452,2,"50","0","10","0","0","Nocturnal",3.545,1.9,3,"1","1","1","1","1","0",9,0.41
"Cerdocyon thous",16,1.75,92,153,2.240471,-76.770907,"Colombia",0.025930662,0.033554277,5.74166,1.41,11.5,276.05452,2,"50","0","10","0","0","Nocturnal",3.545,1.9,3,"1","1","1","1","1","0",9,0.41
"Cerdocyon thous",4,7,115,365,-11.904988,-48.737133,"Brazil",0.12173913,0.177373912,5.74166,1.41,11.5,276.05452,2,"50","0","10","0","0","Nocturnal",3.545,1.9,3,"1","1","1","1","1","0",9,0.41
"Cerdocyon thous",8.33,3.361344538,107,90,4.390395,-73.297052,"Colombia",0.22741433,0.331342679,5.74166,1.41,11.5,276.05452,2,"50","0","10","0","0","Nocturnal",3.545,1.9,3,"1","1","1","1","1","0",9,0.41
"Cerdocyon thous",672,0.041666667,412,303,-26.07434,-49.744804,"Brazil",0.020466853,0.020466853,5.74166,1.41,11.5,276.05452,2,"50","0","10","0","0","Nocturnal",3.545,1.9,3,"1","1","1","1","1","0",9,0.41
"Cerdocyon thous",4,7,90,610,-25.54553,-48.78396,"Brazil",0.119672131,0.174362295,5.74166,1.41,11.5,276.05452,2,"50","0","10","0","0","Nocturnal",3.545,1.9,3,"1","1","1","1","1","0",9,0.41
"Cerdocyon thous",6,4.666666667,26,761,-28.170158,-52.314813,"Brazil",0.387395128,0.564434701,5.74166,1.41,11.5,276.05452,2,"50","0","10","0","0","Nocturnal",3.545,1.9,3,"1","1","1","1","1","0",9,0.41
"Cerdocyon thous",40,0.7,12,488,-22.246302,-47.839529,"Brazil",0.062329235,0.062329235,5.74166,1.41,11.5,276.05452,2,"50","0","10","0","0","Nocturnal",3.545,1.9,3,"1","1","1","1","1","0",9,0.41
"Cerdocyon thous",4,7,192,365,-19.278735,-48.122972,"Brazil",0.270833333,0.394604166,5.74166,1.41,11.5,276.05452,2,"50","0","10","0","0","Nocturnal",3.545,1.9,3,"1","1","1","1","1","0",9,0.41
"Cerdocyon thous",8,3.5,130,426,-7.167969,-35.367968,"Brazil",0.191133983,0.278482213,5.74166,1.41,11.5,276.05452,2,"50","0","10","0","0","Nocturnal",3.545,1.9,3,"1","1","1","1","1","0",9,0.41
"Cerdocyon thous",224,0.125,160,790,-22.267404,-48.202888,"Brazil",0.092405063,0.092405063,5.74166,1.41,11.5,276.05452,2,"50","0","10","0","0","Nocturnal",3.545,1.9,3,"1","1","1","1","1","0",9,0.41
"Cerdocyon thous",4,7,70,214,-20.187971,-54.806624,"Brazil",0.511682243,0.745521028,5.74166,1.41,11.5,276.05452,2,"50","0","10","0","0","Nocturnal",3.545,1.9,3,"1","1","1","1","1","0",9,0.41
"Cerdocyon thous",16,1.75,130,304,-20.675583,-43.349806,"Brazil",0.02770749,0.035853492,5.74166,1.41,11.5,276.05452,2,"50","0","10","0","0","Nocturnal",3.545,1.9,3,"1","1","1","1","1","0",9,0.41
"Cerdocyon thous",4,7,216,538,-16.575593,-50.261,"Brazil",0.185314264,0.270002883,5.74166,1.41,11.5,276.05452,2,"50","0","10","0","0","Nocturnal",3.545,1.9,3,"1","1","1","1","1","0",9,0.41
"Cerdocyon thous",4,7,96,365,-19.36333333,-48.07916667,"Brazil",0.541666667,0.789208334,5.74166,1.41,11.5,276.05452,2,"50","0","10","0","0","Nocturnal",3.545,1.9,3,"1","1","1","1","1","0",9,0.41
"Cerdocyon thous",8,3.5,178.8,91,9.017987,-73.633823,"Colombia",0.695417558,1.013223382,5.74166,1.41,11.5,276.05452,2,"50","0","10","0","0","Nocturnal",3.545,1.9,3,"1","1","1","1","1","0",9,0.41
"Chaetomys subspinosus",672,0.041666667,57.5,1765,-20.580677,-40.417217,"Brazil",0.007193004,0.007193004,1.29999,0.05,10.0750111113673,493.5298649,1,"0","0","0","60","0","Nocturnal",2.43695,1.6409625,2,"0","0","0","1","0","0",1,51.1368544444444
"Chironectes minimus",56,0.5,34,1461,-25.753,-54.54,"Argentina",0.007347908,0.007347908,0.946,0.5302635,3,304.4,1,"50","0","0","0","20","Nocturnal",3.43,1.1,3,"0","0","0","1","0","0",2,217.907666666667
"Choloepus didactylus",8,3.5,25,1310,-6.115415,-49.990498,"Brazil",0.033435115,0.048714963,6.25,5.65,32.28333333,1270.87,1,"0","0","0","0","70","Nocturnal",1,1,2,"0","0","0","1","0","0",1,74.5541906666667
"Choloepus didactylus",8.33,3.361344538,107,90,4.390395,-73.297052,"Colombia",0.037902388,0.055223779,6.25,5.65,32.28333333,1270.87,1,"0","0","0","0","70","Nocturnal",1,1,2,"0","0","0","1","0","0",1,74.5541906666667
"Choloepus hoffmanni",8,3.5,178.8,91,9.017987,-73.633823,"Colombia",0.044865649,0.065369251,4.75001,3.58328083333333,32.1,823.61616,1,"0","0","0","0","70","Nocturnal",1,0.745,2,"0","0","0","1","0","0",2,48.3338963333333
"Choloepus hoffmanni",8,3.5,38.92,92,9.245341,-79.64701,"Panama",0.815496671,1.18817865,4.75001,3.58328083333333,32.1,823.61616,1,"0","0","0","0","70","Nocturnal",1,0.745,2,"0","0","0","1","0","0",2,48.3338963333333
"Choloepus hoffmanni",8,3.5,27.2,182,9.489191,-75.514281,"Colombia",0.589851325,0.859413381,4.75001,3.58328083333333,32.1,823.61616,1,"0","0","0","0","70","Nocturnal",1,0.745,2,"0","0","0","1","0","0",2,48.3338963333333
"Chrysocyon brachyurus",8,3.5,55,366,-18.232298,-50.431983,"Brazil",0.018132141,0.026418529,23.24984,21.36,15.66666667,730,3.54878571428571,"10","20","0","0","10","Nocturnal",2.5,1,5,"0","1","1","0","1","0",6,24.213699125
"Chrysocyon brachyurus",9.3,3.010752688,136,547,-14.157535,-47.59415,"Brazil",0.034345091,0.050040798,23.24984,21.36,15.66666667,730,3.54878571428571,"10","20","0","0","10","Nocturnal",2.5,1,5,"0","1","1","0","1","0",6,24.213699125
"Chrysocyon brachyurus",4,7,100,365,-13.561588,-58.421854,"Brazil",0.01,0.01457,23.24984,21.36,15.66666667,730,3.54878571428571,"10","20","0","0","10","Nocturnal",2.5,1,5,"0","1","1","0","1","0",6,24.213699125
"Chrysocyon brachyurus",224,0.125,160,790,-22.267404,-48.202888,"Brazil",0.028876582,0.028876582,23.24984,21.36,15.66666667,730,3.54878571428571,"10","20","0","0","10","Nocturnal",2.5,1,5,"0","1","1","0","1","0",6,24.213699125
"Chrysocyon brachyurus",4,7,96,365,-19.36333333,-48.07916667,"Brazil",0.083333333,0.121416666,23.24984,21.36,15.66666667,730,3.54878571428571,"10","20","0","0","10","Nocturnal",2.5,1,5,"0","1","1","0","1","0",6,24.213699125
"Chrysocyon brachyurus",4,7,216,538,-16.575593,-50.261,"Brazil",0.012563679,0.01830528,23.24984,21.36,15.66666667,730,3.54878571428571,"10","20","0","0","10","Nocturnal",2.5,1,5,"0","1","1","0","1","0",6,24.213699125
"Chrysocyon brachyurus",672,0.041666667,366,1461,-24.866723,-50.445759,"Brazil",0.014334444,0.014334444,23.24984,21.36,15.66666667,730,3.54878571428571,"10","20","0","0","10","Nocturnal",2.5,1,5,"0","1","1","0","1","0",6,24.213699125
"Chrysocyon brachyurus",4,7,192,365,-19.278735,-48.122972,"Brazil",0.041666667,0.060708334,23.24984,21.36,15.66666667,730,3.54878571428571,"10","20","0","0","10","Nocturnal",2.5,1,5,"0","1","1","0","1","0",6,24.213699125
"Chrysocyon brachyurus",28,1,180.4,1126,-22.307184,-43.130266,"Brazil",0.010781252,0.012894377,23.24984,21.36,15.66666667,730,3.54878571428571,"10","20","0","0","10","Nocturnal",2.5,1,5,"0","1","1","0","1","0",6,24.213699125
"Chrysocyon brachyurus",4,7,115,365,-11.904988,-48.737133,"Brazil",0.008695652,0.012669565,23.24984,21.36,15.66666667,730,3.54878571428571,"10","20","0","0","10","Nocturnal",2.5,1,5,"0","1","1","0","1","0",6,24.213699125
"Chrysocyon brachyurus",40,0.7,12,488,-22.246302,-47.839529,"Brazil",0.12465847,0.12465847,23.24984,21.36,15.66666667,730,3.54878571428571,"10","20","0","0","10","Nocturnal",2.5,1,5,"0","1","1","0","1","0",6,24.213699125
"Coendou insidiosus",28,1,180.4,1126,-22.307184,-43.130266,"Brazil",0.025156254,0.035294224,0.99832,0.74640074,1.416666667,576.58582688,1.44169047619048,"0","0","0","0","70","Nocturnal",0.97,1.11,2,"0","0","0","1","0","0",1,170.9351
"Coendou insidiosus",672,0.041666667,57.5,1765,-20.580677,-40.417217,"Brazil",0.057544033,0.057544033,0.99832,0.74640074,1.416666667,576.58582688,1.44169047619048,"0","0","0","0","70","Nocturnal",0.97,1.11,2,"0","0","0","1","0","0",1,170.9351
"Coendou prehensilis",4,7,192,365,-19.278735,-48.122972,"Brazil",0.015625,0.022765625,4.1162,0.14,17.31666667,578.284,1,"0","0","0","0","70","Nocturnal",0.99,1.11,2,"0","0","0","1","0","0",1,70.054593
"Coendou prehensilis",8,3.5,178.8,91,9.017987,-73.633823,"Colombia",0.067298473,0.098053875,4.1162,0.14,17.31666667,578.284,1,"0","0","0","0","70","Nocturnal",0.99,1.11,2,"0","0","0","1","0","0",1,70.054593
"Coendou prehensilis",8,3.5,55,366,-18.232298,-50.431983,"Brazil",0.036264282,0.052837059,4.1162,0.14,17.31666667,578.284,1,"0","0","0","0","70","Nocturnal",0.99,1.11,2,"0","0","0","1","0","0",1,70.054593
"Coendou prehensilis",4,7,96,365,-19.36333333,-48.07916667,"Brazil",0.03125,0.04553125,4.1162,0.14,17.31666667,578.284,1,"0","0","0","0","70","Nocturnal",0.99,1.11,2,"0","0","0","1","0","0",1,70.054593
"Coendou prehensilis",4,7,216,538,-16.575593,-50.261,"Brazil",0.050254716,0.073221121,4.1162,0.14,17.31666667,578.284,1,"0","0","0","0","70","Nocturnal",0.99,1.11,2,"0","0","0","1","0","0",1,70.054593
"Coendou prehensilis",8.33,3.361344538,107,90,4.390395,-73.297052,"Colombia",0.265316719,0.38656646,4.1162,0.14,17.31666667,578.284,1,"0","0","0","0","70","Nocturnal",0.99,1.11,2,"0","0","0","1","0","0",1,70.054593
"Coendou prehensilis",40,0.7,12,488,-22.246302,-47.839529,"Brazil",0.12465847,0.12465847,4.1162,0.14,17.31666667,578.284,1,"0","0","0","0","70","Nocturnal",0.99,1.11,2,"0","0","0","1","0","0",1,70.054593
"Coendou prehensilis",16,1.75,130,304,-20.675583,-43.349806,"Brazil",0.02770749,0.035853492,4.1162,0.14,17.31666667,578.284,1,"0","0","0","0","70","Nocturnal",0.99,1.11,2,"0","0","0","1","0","0",1,70.054593
"Coendou spinosus",4,7,90,610,-25.54553,-48.78396,"Brazil",0.099726776,0.170931694,0.75078,0.063,3.658333333,239.070444547619,1.32452380952381,"0","0","0","0","70","Nocturnal",2.99685,1.95491726190476,2,"0","0","1","1","0","0",2,141.7744
"Coendou spinosus",28,1,180.4,1126,-22.307184,-43.130266,"Brazil",0.017968753,0.02521016,0.75078,0.063,3.658333333,239.070444547619,1.32452380952381,"0","0","0","0","70","Nocturnal",2.99685,1.95491726190476,2,"0","0","1","1","0","0",2,141.7744
"Coendou spinosus",6,4.666666667,26,761,-28.170158,-52.314813,"Brazil",0.110684322,0.189712928,0.75078,0.063,3.658333333,239.070444547619,1.32452380952381,"0","0","0","0","70","Nocturnal",2.99685,1.95491726190476,2,"0","0","1","1","0","0",2,141.7744
"Coendou spinosus",56,0.5,34,1461,-25.753,-54.54,"Argentina",0.529049402,0.529049402,0.75078,0.063,3.658333333,239.070444547619,1.32452380952381,"0","0","0","0","70","Nocturnal",2.99685,1.95491726190476,2,"0","0","1","1","0","0",2,141.7744
"Coendou spinosus",4,7,63,242,-26.581324,-48.722133,"Brazil",0.023940706,0.04103437,0.75078,0.063,3.658333333,239.070444547619,1.32452380952381,"0","0","0","0","70","Nocturnal",2.99685,1.95491726190476,2,"0","0","1","1","0","0",2,141.7744
"Coendou spinosus",20,1.4,36,183,-10.675567,-62.208069,"Brazil",0.055403764,0.077731481,0.75078,0.063,3.658333333,239.070444547619,1.32452380952381,"0","0","0","0","70","Nocturnal",2.99685,1.95491726190476,2,"0","0","1","1","0","0",2,141.7744
"Conepatus chinga",4,7,137,365,-32.076796,-52.270823,"Brazil",0.364963504,0.531751825,1.91752,1.95,10,4015,1.829,"80","10","0","0","0","Nocturnal",3.5,1.629875,3,"0","1","1","0","1","0",6,43.6354453095238
"Conepatus chinga",672,0.041666667,366,1461,-24.866723,-50.445759,"Brazil",0.000682593,0.000682593,1.91752,1.95,10,4015,1.829,"80","10","0","0","0","Nocturnal",3.5,1.629875,3,"0","1","1","0","1","0",6,43.6354453095238
"Conepatus chinga",6,4.666666667,26,761,-28.170158,-52.314813,"Brazil",0.055342161,0.080633529,1.91752,1.95,10,4015,1.829,"80","10","0","0","0","Nocturnal",3.5,1.629875,3,"0","1","1","0","1","0",6,43.6354453095238
"Conepatus chinga",4,7,45,366,-30.347781,-53.998679,"Brazil",0.664845173,0.968679417,1.91752,1.95,10,4015,1.829,"80","10","0","0","0","Nocturnal",3.5,1.629875,3,"0","1","1","0","1","0",6,43.6354453095238
"Conepatus chinga",8,3.5,29,365,-30.117957,-53.619222,"Brazil",1.75862069,2.562310345,1.91752,1.95,10,4015,1.829,"80","10","0","0","0","Nocturnal",3.5,1.629875,3,"0","1","1","0","1","0",6,43.6354453095238
"Conepatus semistriatus",8,3.5,91.5,181,-4.926667,-80.344444,"Peru",0.198351599,0.28899828,1.59867,0.27,14,300,1,"80","10","0","0","0","Nocturnal",3.7425,1.41845,3,"0","1","1","1","1","0",7,59.1070692301587
"Conepatus semistriatus",4,7,192,365,-19.278735,-48.122972,"Brazil",0.223958333,0.326307291,1.59867,0.27,14,300,1,"80","10","0","0","0","Nocturnal",3.7425,1.41845,3,"0","1","1","1","1","0",7,59.1070692301587
"Conepatus semistriatus",4,7,96,365,-19.36333333,-48.07916667,"Brazil",0.447916667,0.652614584,1.59867,0.27,14,300,1,"80","10","0","0","0","Nocturnal",3.7425,1.41845,3,"0","1","1","1","1","0",7,59.1070692301587
"Conepatus semistriatus",8,3.5,130,426,-7.167969,-35.367968,"Brazil",0.019772481,0.028808505,1.59867,0.27,14,300,1,"80","10","0","0","0","Nocturnal",3.7425,1.41845,3,"0","1","1","1","1","0",7,59.1070692301587
"Conepatus semistriatus",9.3,3.010752688,136,547,-14.157535,-47.59415,"Brazil",0.098128831,0.142973707,1.59867,0.27,14,300,1,"80","10","0","0","0","Nocturnal",3.7425,1.41845,3,"0","1","1","1","1","0",7,59.1070692301587
"Conepatus semistriatus",24,1.166666667,99.3,183,9.508766,-75.236148,"Colombia",0.020085957,0.024022805,1.59867,0.27,14,300,1,"80","10","0","0","0","Nocturnal",3.7425,1.41845,3,"0","1","1","1","1","0",7,59.1070692301587
"Conepatus semistriatus",12,2.333333333,99,184,-0.461755,-77.904245,"Ecuador",0.080149319,0.103713219,1.59867,0.27,14,300,1,"80","10","0","0","0","Nocturnal",3.7425,1.41845,3,"0","1","1","1","1","0",7,59.1070692301587
"Cuniculus paca",672,0.041666667,366,1461,-24.866723,-50.445759,"Brazil",0.002047778,0.002047778,8.17255,0.0205,16,335.48,1,"0","0","0","30","50","Nocturnal",1.01,1.5,3,"0","0","0","1","0","0",2,25
"Cuniculus paca",28,1,180.4,1126,-22.307184,-43.130266,"Brazil",0.005390626,0.006447189,8.17255,0.0205,16,335.48,1,"0","0","0","30","50","Nocturnal",1.01,1.5,3,"0","0","0","1","0","0",2,25
"Cuniculus paca",40,0.7,12,488,-22.246302,-47.839529,"Brazil",0.12465847,0.12465847,8.17255,0.0205,16,335.48,1,"0","0","0","30","50","Nocturnal",1.01,1.5,3,"0","0","0","1","0","0",2,25
"Cuniculus paca",672,0.041666667,57.5,1765,-20.580677,-40.417217,"Brazil",0.007193004,0.007193004,8.17255,0.0205,16,335.48,1,"0","0","0","30","50","Nocturnal",1.01,1.5,3,"0","0","0","1","0","0",2,25
"Cuniculus paca",56,0.5,34,1461,-25.753,-54.54,"Argentina",0.117566534,0.117566534,8.17255,0.0205,16,335.48,1,"0","0","0","30","50","Nocturnal",1.01,1.5,3,"0","0","0","1","0","0",2,25
"Cyclopes didactylus",12,2.333333333,36,730,-1.005806,-46.774428,"Brazil",0.013888889,0.024430556,0.26395,0.03,2.3,418.753961164286,1,"100","0","0","0","0","Nocturnal",1,2,1,"0","0","0","1","0","0",2,77
"Dasyprocta azarae",4,7,100,365,-13.561588,-58.421854,"Brazil",0.01,0.01457,2.97681,1.66005665333333,11.7625,468.746074066667,3.616625,"10","0","0","0","50","Diurnal",2.1616,1.5994,3,"0","0","0","1","0","0",1,6.22
"Dasyprocta azarae",8,3.5,25,1310,-6.115415,-49.990498,"Brazil",0.033435115,0.048714963,2.97681,1.66005665333333,11.7625,468.746074066667,3.616625,"10","0","0","0","50","Diurnal",2.1616,1.5994,3,"0","0","0","1","0","0",1,6.22
"Dasyprocta azarae",56,0.5,34,1461,-25.753,-54.54,"Argentina",0.051435359,0.051435359,2.97681,1.66005665333333,11.7625,468.746074066667,3.616625,"10","0","0","0","50","Diurnal",2.1616,1.5994,3,"0","0","0","1","0","0",1,6.22
"Dasyprocta azarae",672,0.041666667,366,1461,-24.866723,-50.445759,"Brazil",0.002047778,0.002047778,2.97681,1.66005665333333,11.7625,468.746074066667,3.616625,"10","0","0","0","50","Diurnal",2.1616,1.5994,3,"0","0","0","1","0","0",1,6.22
"Dasyprocta fuliginosa",12,2.333333333,99,184,-0.461755,-77.904245,"Ecuador",0.02003733,0.025928305,3.50002,0.025,18.19166667,345.390120152381,2,"10","0","0","0","50","Diurnal",2,2,3,"0","0","0","1","0","0",2,145.98208065873
"Dasyprocta leporina",4,7,115,365,-11.904988,-48.737133,"Brazil",0.017391304,0.02533913,3.02002,0.034,17.8,193,3.75177972027972,"10","0","0","0","50","Diurnal",1.575,1.98975,3,"0","0","0","1","0","0",1,11.5
"Dasypus hybridus",4,7,45,366,-30.347781,-53.998679,"Brazil",0.066484517,0.096867941,1.5,1.04221423333333,11.6967277790267,365,1.085,"100","0","0","0","0","Nocturnal",7.27,1.38701666666667,1,"0","1","1","1","1","0",6,110.041687468254
"Dasypus hybridus",4,7,90,610,-25.54553,-48.78396,"Brazil",0.013296903,0.019373588,1.5,1.04221423333333,11.6967277790267,365,1.085,"100","0","0","0","0","Nocturnal",7.27,1.38701666666667,1,"0","1","1","1","1","0",6,110.041687468254
"Dasypus hybridus",8,3.5,29,365,-30.117957,-53.619222,"Brazil",0.068965517,0.100482758,1.5,1.04221423333333,11.6967277790267,365,1.085,"100","0","0","0","0","Nocturnal",7.27,1.38701666666667,1,"0","1","1","1","1","0",6,110.041687468254
"Dasypus novemcinctus",8,3.5,55,366,-18.232298,-50.431983,"Brazil",0.054396423,0.079255588,3.94901,0.04,18.65,385.35594,1,"100","0","0","0","0","Nocturnal",3.98,1,1,"0","1","1","1","1","0",6,0.26
"Dasypus novemcinctus",8,3.5,29,365,-30.117957,-53.619222,"Brazil",0.034482759,0.05024138,3.94901,0.04,18.65,385.35594,1,"100","0","0","0","0","Nocturnal",3.98,1,1,"0","1","1","1","1","0",6,0.26
"Dasypus novemcinctus",4,7,216,538,-16.575593,-50.261,"Brazil",0.012563679,0.01830528,3.94901,0.04,18.65,385.35594,1,"100","0","0","0","0","Nocturnal",3.98,1,1,"0","1","1","1","1","0",6,0.26
"Dasypus novemcinctus",4,7,70,214,-20.187971,-54.806624,"Brazil",0.048731642,0.071002002,3.94901,0.04,18.65,385.35594,1,"100","0","0","0","0","Nocturnal",3.98,1,1,"0","1","1","1","1","0",6,0.26
"Dasypus novemcinctus",4,7,192,365,-19.278735,-48.122972,"Brazil",0.052083333,0.075885416,3.94901,0.04,18.65,385.35594,1,"100","0","0","0","0","Nocturnal",3.98,1,1,"0","1","1","1","1","0",6,0.26
"Dasypus novemcinctus",16,1.75,92,153,2.240471,-76.770907,"Colombia",0.155583973,0.201325661,3.94901,0.04,18.65,385.35594,1,"100","0","0","0","0","Nocturnal",3.98,1,1,"0","1","1","1","1","0",6,0.26
"Dasypus novemcinctus",28,1,180.4,1126,-22.307184,-43.130266,"Brazil",0.003593751,0.004298126,3.94901,0.04,18.65,385.35594,1,"100","0","0","0","0","Nocturnal",3.98,1,1,"0","1","1","1","1","0",6,0.26
"Dasypus novemcinctus",16,1.75,13,153,2.099348,-77.005253,"Colombia",0.367018602,0.474922071,3.94901,0.04,18.65,385.35594,1,"100","0","0","0","0","Nocturnal",3.98,1,1,"0","1","1","1","1","0",6,0.26
"Dasypus novemcinctus",4,7,96,365,-19.36333333,-48.07916667,"Brazil",0.104166667,0.151770834,3.94901,0.04,18.65,385.35594,1,"100","0","0","0","0","Nocturnal",3.98,1,1,"0","1","1","1","1","0",6,0.26
"Dasypus novemcinctus",16,1.75,130,304,-20.675583,-43.349806,"Brazil",0.01847166,0.023902328,3.94901,0.04,18.65,385.35594,1,"100","0","0","0","0","Nocturnal",3.98,1,1,"0","1","1","1","1","0",6,0.26
"Dasypus novemcinctus",4,7,45,366,-30.347781,-53.998679,"Brazil",0.15513054,0.226025197,3.94901,0.04,18.65,385.35594,1,"100","0","0","0","0","Nocturnal",3.98,1,1,"0","1","1","1","1","0",6,0.26
"Dasypus novemcinctus",6,4.666666667,26,761,-28.170158,-52.314813,"Brazil",0.036894774,0.053755686,3.94901,0.04,18.65,385.35594,1,"100","0","0","0","0","Nocturnal",3.98,1,1,"0","1","1","1","1","0",6,0.26
"Dasypus novemcinctus",4,7,100,365,-13.561588,-58.421854,"Brazil",0.04,0.05828,3.94901,0.04,18.65,385.35594,1,"100","0","0","0","0","Nocturnal",3.98,1,1,"0","1","1","1","1","0",6,0.26
"Dasypus novemcinctus",10,2.8,11,245,-7.691903,-72.639592,"Brazil",0.135435993,0.175254175,3.94901,0.04,18.65,385.35594,1,"100","0","0","0","0","Nocturnal",3.98,1,1,"0","1","1","1","1","0",6,0.26
"Dasypus novemcinctus",672,0.041666667,57.5,1765,-20.580677,-40.417217,"Brazil",0.046754526,0.046754526,3.94901,0.04,18.65,385.35594,1,"100","0","0","0","0","Nocturnal",3.98,1,1,"0","1","1","1","1","0",6,0.26
"Dasypus novemcinctus",4,7,90,610,-25.54553,-48.78396,"Brazil",0.019945355,0.029060382,3.94901,0.04,18.65,385.35594,1,"100","0","0","0","0","Nocturnal",3.98,1,1,"0","1","1","1","1","0",6,0.26
"Dasypus novemcinctus",40,0.7,12,488,-22.246302,-47.839529,"Brazil",0.12465847,0.12465847,3.94901,0.04,18.65,385.35594,1,"100","0","0","0","0","Nocturnal",3.98,1,1,"0","1","1","1","1","0",6,0.26
"Dasypus novemcinctus",12,2.333333333,59.6,730,-19.72597,-40.644482,"Brazil",0.008389262,0.010855705,3.94901,0.04,18.65,385.35594,1,"100","0","0","0","0","Nocturnal",3.98,1,1,"0","1","1","1","1","0",6,0.26
"Dasypus novemcinctus",8,3.5,28,245,-19.936923,-40.482438,"Brazil",0.053206997,0.077522595,3.94901,0.04,18.65,385.35594,1,"100","0","0","0","0","Nocturnal",3.98,1,1,"0","1","1","1","1","0",6,0.26
"Dasypus novemcinctus",20,1.4,36,183,-10.675567,-62.208069,"Brazil",1.717516697,2.05414997,3.94901,0.04,18.65,385.35594,1,"100","0","0","0","0","Nocturnal",3.98,1,1,"0","1","1","1","1","0",6,0.26
"Dasypus novemcinctus",56,0.5,34,1461,-25.753,-54.54,"Argentina",0.367395418,0.367395418,3.94901,0.04,18.65,385.35594,1,"100","0","0","0","0","Nocturnal",3.98,1,1,"0","1","1","1","1","0",6,0.26
"Dasypus sabanicola",8.33,3.361344538,107,90,4.390395,-73.297052,"Colombia",0.037902388,0.055223779,1.15001,0.4383469,7.62645277818333,358.057047416508,1.1605,"100","0","0","0","0","Nocturnal",4,1.4429875,1,"0","0","1","1","0","0",2,49.4427977777778
"Dasypus septemcinctus",4,7,115,365,-11.904988,-48.737133,"Brazil",0.008695652,0.012669565,1.52664,1.02,16.71666667,273.924,1.33,"100","0","0","0","0","Nocturnal",5.9925,1.48625,1,"0","0","1","1","1","0",5,107.082217134921
"Didelphis albiventris",4,7,45,366,-30.347781,-53.998679,"Brazil",0.443230115,0.759696417,1.03047,0.00402,1.641666667,315.68,3.494,"20","0","30","0","20","Nocturnal",6.9,1.5,4,"1","1","1","1","1","0",8,490.456962333333
"Didelphis albiventris",14,2,34,243,-10.21618,-75.585138,"Peru",0.044178165,0.067460058,1.03047,0.00402,1.641666667,315.68,3.494,"20","0","30","0","20","Nocturnal",6.9,1.5,4,"1","1","1","1","1","0",8,490.456962333333
"Didelphis albiventris",40,0.7,12,488,-22.246302,-47.839529,"Brazil",0.062329235,0.062329235,1.03047,0.00402,1.641666667,315.68,3.494,"20","0","30","0","20","Nocturnal",6.9,1.5,4,"1","1","1","1","1","0",8,490.456962333333
"Didelphis albiventris",4,7,115,365,-11.904988,-48.737133,"Brazil",0.008695652,0.014904348,1.03047,0.00402,1.641666667,315.68,3.494,"20","0","30","0","20","Nocturnal",6.9,1.5,4,"1","1","1","1","1","0",8,490.456962333333
"Didelphis albiventris",4,7,70,214,-20.187971,-54.806624,"Brazil",0.048731642,0.083526034,1.03047,0.00402,1.641666667,315.68,3.494,"20","0","30","0","20","Nocturnal",6.9,1.5,4,"1","1","1","1","1","0",8,490.456962333333
"Didelphis albiventris",8,3.5,29,365,-30.117957,-53.619222,"Brazil",0.965517241,1.654896551,1.03047,0.00402,1.641666667,315.68,3.494,"20","0","30","0","20","Nocturnal",6.9,1.5,4,"1","1","1","1","1","0",8,490.456962333333
"Didelphis albiventris",9.3,3.010752688,136,547,-14.157535,-47.59415,"Brazil",0.009812883,0.016819281,1.03047,0.00402,1.641666667,315.68,3.494,"20","0","30","0","20","Nocturnal",6.9,1.5,4,"1","1","1","1","1","0",8,490.456962333333
"Didelphis albiventris",56,0.5,34,1461,-25.753,-54.54,"Argentina",5.077404679,5.077404679,1.03047,0.00402,1.641666667,315.68,3.494,"20","0","30","0","20","Nocturnal",6.9,1.5,4,"1","1","1","1","1","0",8,490.456962333333
"Didelphis albiventris",16,1.75,130,304,-20.675583,-43.349806,"Brazil",0.01847166,0.028206225,1.03047,0.00402,1.641666667,315.68,3.494,"20","0","30","0","20","Nocturnal",6.9,1.5,4,"1","1","1","1","1","0",8,490.456962333333
"Didelphis albiventris",4,7,192,365,-19.278735,-48.122972,"Brazil",0.036458333,0.062489583,1.03047,0.00402,1.641666667,315.68,3.494,"20","0","30","0","20","Nocturnal",6.9,1.5,4,"1","1","1","1","1","0",8,490.456962333333
"Didelphis albiventris",4,7,96,365,-19.36333333,-48.07916667,"Brazil",0.072916667,0.124979167,1.03047,0.00402,1.641666667,315.68,3.494,"20","0","30","0","20","Nocturnal",6.9,1.5,4,"1","1","1","1","1","0",8,490.456962333333
"Didelphis albiventris",4,7,63,242,-26.581324,-48.722133,"Brazil",0.023940706,0.04103437,1.03047,0.00402,1.641666667,315.68,3.494,"20","0","30","0","20","Nocturnal",6.9,1.5,4,"1","1","1","1","1","0",8,490.456962333333
"Didelphis albiventris",4,7,100,365,-13.561588,-58.421854,"Brazil",0.01,0.01714,1.03047,0.00402,1.641666667,315.68,3.494,"20","0","30","0","20","Nocturnal",6.9,1.5,4,"1","1","1","1","1","0",8,490.456962333333
"Didelphis albiventris",6,4.666666667,26,761,-28.170158,-52.314813,"Brazil",0.073789548,0.126475285,1.03047,0.00402,1.641666667,315.68,3.494,"20","0","30","0","20","Nocturnal",6.9,1.5,4,"1","1","1","1","1","0",8,490.456962333333
"Didelphis albiventris",4,7,90,610,-25.54553,-48.78396,"Brazil",0.053187614,0.09116357,1.03047,0.00402,1.641666667,315.68,3.494,"20","0","30","0","20","Nocturnal",6.9,1.5,4,"1","1","1","1","1","0",8,490.456962333333
"Didelphis albiventris",4,7,137,365,-32.076796,-52.270823,"Brazil",0.554744526,0.950832118,1.03047,0.00402,1.641666667,315.68,3.494,"20","0","30","0","20","Nocturnal",6.9,1.5,4,"1","1","1","1","1","0",8,490.456962333333
"Didelphis albiventris",8,3.5,55,366,-18.232298,-50.431983,"Brazil",0.018132141,0.03107849,1.03047,0.00402,1.641666667,315.68,3.494,"20","0","30","0","20","Nocturnal",6.9,1.5,4,"1","1","1","1","1","0",8,490.456962333333
"Didelphis aurita",8,3.5,28,245,-19.936923,-40.482438,"Brazil",0.478862974,0.697703353,1.149875,0.015,4,178,1.3665,"20","0","30","0","20","Nocturnal",6.155,2,4,"1","1","0","1","1","0",6,40
"Didelphis aurita",672,0.041666667,57.5,1765,-20.580677,-40.417217,"Brazil",0.269737652,0.269737652,1.149875,0.015,4,178,1.3665,"20","0","30","0","20","Nocturnal",6.155,2,4,"1","1","0","1","1","0",6,40
"Didelphis aurita",4,7,63,242,-26.581324,-48.722133,"Brazil",0.119703529,0.174408042,1.149875,0.015,4,178,1.3665,"20","0","30","0","20","Nocturnal",6.155,2,4,"1","1","0","1","1","0",6,40
"Didelphis aurita",28,1,180.4,1126,-22.307184,-43.130266,"Brazil",0.064687511,0.077366263,1.149875,0.015,4,178,1.3665,"20","0","30","0","20","Nocturnal",6.155,2,4,"1","1","0","1","1","0",6,40
"Didelphis aurita",8,3.5,130,426,-7.167969,-35.367968,"Brazil",0.052726616,0.07682268,1.149875,0.015,4,178,1.3665,"20","0","30","0","20","Nocturnal",6.155,2,4,"1","1","0","1","1","0",6,40
"Didelphis aurita",12,2.333333333,59.6,730,-19.72597,-40.644482,"Brazil",0.184563758,0.238825503,1.149875,0.015,4,178,1.3665,"20","0","30","0","20","Nocturnal",6.155,2,4,"1","1","0","1","1","0",6,40
"Didelphis marsupialis",24,1.166666667,99.3,183,9.508766,-75.236148,"Colombia",0.883782103,1.057003395,1.13475,0.17,4,178,1,"20","0","30","0","20","Nocturnal",6.645,2,4,"1","1","0","1","1","0",6,120
"Didelphis marsupialis",10,2.8,8,730,18.436503,-95.089337,"Mexico",4.5625,5.903875,1.13475,0.17,4,178,1,"20","0","30","0","20","Nocturnal",6.645,2,4,"1","1","0","1","1","0",6,120
"Didelphis marsupialis",8,3.5,38.92,92,9.245341,-79.64701,"Panama",0.203874168,0.297044663,1.13475,0.17,4,178,1,"20","0","30","0","20","Nocturnal",6.645,2,4,"1","1","0","1","1","0",6,120
"Didelphis marsupialis",4,7,216,538,-16.575593,-50.261,"Brazil",0.059677475,0.086950081,1.13475,0.17,4,178,1,"20","0","30","0","20","Nocturnal",6.645,2,4,"1","1","0","1","1","0",6,120
"Didelphis marsupialis",8,3.5,27.2,182,9.489191,-75.514281,"Colombia",1.917016807,2.793093488,1.13475,0.17,4,178,1,"20","0","30","0","20","Nocturnal",6.645,2,4,"1","1","0","1","1","0",6,120
"Didelphis marsupialis",8,3.5,25,1310,-6.115415,-49.990498,"Brazil",0.323206107,0.470911298,1.13475,0.17,4,178,1,"20","0","30","0","20","Nocturnal",6.645,2,4,"1","1","0","1","1","0",6,120
"Didelphis marsupialis",16,1.75,130,304,-20.675583,-43.349806,"Brazil",0.785045547,1.015848938,1.13475,0.17,4,178,1,"20","0","30","0","20","Nocturnal",6.645,2,4,"1","1","0","1","1","0",6,120
"Didelphis marsupialis",10,2.8,11,245,-7.691903,-72.639592,"Brazil",1.083487941,1.402033396,1.13475,0.17,4,178,1,"20","0","30","0","20","Nocturnal",6.645,2,4,"1","1","0","1","1","0",6,120
"Didelphis marsupialis",8,3.5,91.5,181,-4.926667,-80.344444,"Peru",1.432539323,2.087209794,1.13475,0.17,4,178,1,"20","0","30","0","20","Nocturnal",6.645,2,4,"1","1","0","1","1","0",6,120
"Didelphis marsupialis",8,3.5,178.8,91,9.017987,-73.633823,"Colombia",1.031909925,1.503492761,1.13475,0.17,4,178,1,"20","0","30","0","20","Nocturnal",6.645,2,4,"1","1","0","1","1","0",6,120
"Didelphis marsupialis",8,3.5,51,426,-2.47187,-79.621231,"Ecuador",1.512013256,2.203003314,1.13475,0.17,4,178,1,"20","0","30","0","20","Nocturnal",6.645,2,4,"1","1","0","1","1","0",6,120
"Didelphis marsupialis",8,3.5,49,182,9.821408,-75.442693,"Colombia",1.800852209,2.623841669,1.13475,0.17,4,178,1,"20","0","30","0","20","Nocturnal",6.645,2,4,"1","1","0","1","1","0",6,120
"Didelphis marsupialis",12,2.333333333,36,730,-1.005806,-46.774428,"Brazil",0.013888889,0.017972222,1.13475,0.17,4,178,1,"20","0","30","0","20","Nocturnal",6.645,2,4,"1","1","0","1","1","0",6,120
"Didelphis marsupialis",16,1.75,92,153,2.240471,-76.770907,"Colombia",5.782537653,7.482603723,1.13475,0.17,4,178,1,"20","0","30","0","20","Nocturnal",6.645,2,4,"1","1","0","1","1","0",6,120
"Didelphis marsupialis",4,7,90,610,-25.54553,-48.78396,"Brazil",0.026593807,0.038747177,1.13475,0.17,4,178,1,"20","0","30","0","20","Nocturnal",6.645,2,4,"1","1","0","1","1","0",6,120
"Didelphis marsupialis",16,1.75,13,153,2.099348,-77.005253,"Colombia",10.82704877,14.01020111,1.13475,0.17,4,178,1,"20","0","30","0","20","Nocturnal",6.645,2,4,"1","1","0","1","1","0",6,120
"Didelphis pernigra",12,2.333333333,99,184,-0.461755,-77.904245,"Ecuador",3.065711462,4.681341402,1.03047,0.473495543333333,1.641666667,315.68,1.686,"20","0","30","0","20","Nocturnal",6.9,1.5,4,"1","1","1","1","0","0",5,289.980091952381
"Didelphis virginiana",10,2.8,8,730,18.436503,-95.089337,"Mexico",0.125,0.16175,2.19548,0.58,4.179166667,184,1,"20","0","30","0","20","Nocturnal",7.6325,2,4,"1","1","0","1","1","0",6,6.15
"Eira barbara",672,0.041666667,366,1461,-24.866723,-50.445759,"Brazil",0.000682593,0.000682593,4.13499,11.4,18,700,1.5,"0","0","0","0","0","Nocturnal",2.07,1,2,"0","0","0","1","1","0",3,0.425
"Eira barbara",56,0.5,34,1461,-25.753,-54.54,"Argentina",0.080826992,0.080826992,4.13499,11.4,18,700,1.5,"0","0","0","0","0","Nocturnal",2.07,1,2,"0","0","0","1","1","0",3,0.425
"Eira barbara",12,2.333333333,59.6,730,-19.72597,-40.644482,"Brazil",0.025167785,0.032567114,4.13499,11.4,18,700,1.5,"0","0","0","0","0","Nocturnal",2.07,1,2,"0","0","0","1","1","0",3,0.425
"Eira barbara",8,3.5,25,1310,-6.115415,-49.990498,"Brazil",0.011145038,0.01623832,4.13499,11.4,18,700,1.5,"0","0","0","0","0","Nocturnal",2.07,1,2,"0","0","0","1","1","0",3,0.425
"Eira barbara",12,2.333333333,36,730,-1.005806,-46.774428,"Brazil",0.013888889,0.017972222,4.13499,11.4,18,700,1.5,"0","0","0","0","0","Nocturnal",2.07,1,2,"0","0","0","1","1","0",3,0.425
"Eira barbara",672,0.041666667,57.5,1765,-20.580677,-40.417217,"Brazil",0.007193004,0.007193004,4.13499,11.4,18,700,1.5,"0","0","0","0","0","Nocturnal",2.07,1,2,"0","0","0","1","1","0",3,0.425
"Eira barbara",4,7,115,365,-11.904988,-48.737133,"Brazil",0.008695652,0.012669565,4.13499,11.4,18,700,1.5,"0","0","0","0","0","Nocturnal",2.07,1,2,"0","0","0","1","1","0",3,0.425
"Eira barbara",4,7,100,365,-13.561588,-58.421854,"Brazil",0.01,0.01457,4.13499,11.4,18,700,1.5,"0","0","0","0","0","Nocturnal",2.07,1,2,"0","0","0","1","1","0",3,0.425
"Euphractus sexcinctus",4,7,70,214,-20.187971,-54.806624,"Brazil",0.292389853,0.426012016,4.78289,0.65,18.83333333,274,1,"50","0","0","0","50","Nocturnal",1.74,1.45765,2,"0","1","1","1","1","0",6,1.06
"Euphractus sexcinctus",4,7,96,365,-19.36333333,-48.07916667,"Brazil",0.458333333,0.667791666,4.78289,0.65,18.83333333,274,1,"50","0","0","0","50","Nocturnal",1.74,1.45765,2,"0","1","1","1","1","0",6,1.06
"Euphractus sexcinctus",12,2.333333333,36,730,-1.005806,-46.774428,"Brazil",0.013888889,0.017972222,4.78289,0.65,18.83333333,274,1,"50","0","0","0","50","Nocturnal",1.74,1.45765,2,"0","1","1","1","1","0",6,1.06
"Euphractus sexcinctus",6,4.666666667,26,761,-28.170158,-52.314813,"Brazil",0.092236935,0.134389214,4.78289,0.65,18.83333333,274,1,"50","0","0","0","50","Nocturnal",1.74,1.45765,2,"0","1","1","1","1","0",6,1.06
"Euphractus sexcinctus",56,0.5,34,1461,-25.753,-54.54,"Argentina",0.007347908,0.007347908,4.78289,0.65,18.83333333,274,1,"50","0","0","0","50","Nocturnal",1.74,1.45765,2,"0","1","1","1","1","0",6,1.06
"Euphractus sexcinctus",4,7,100,365,-13.561588,-58.421854,"Brazil",0.24,0.34968,4.78289,0.65,18.83333333,274,1,"50","0","0","0","50","Nocturnal",1.74,1.45765,2,"0","1","1","1","1","0",6,1.06
"Euphractus sexcinctus",4,7,115,365,-11.904988,-48.737133,"Brazil",0.008695652,0.012669565,4.78289,0.65,18.83333333,274,1,"50","0","0","0","50","Nocturnal",1.74,1.45765,2,"0","1","1","1","1","0",6,1.06
"Euphractus sexcinctus",8,3.5,55,366,-18.232298,-50.431983,"Brazil",0.271982116,0.396277943,4.78289,0.65,18.83333333,274,1,"50","0","0","0","50","Nocturnal",1.74,1.45765,2,"0","1","1","1","1","0",6,1.06
"Euphractus sexcinctus",4,7,216,538,-16.575593,-50.261,"Brazil",0.037691037,0.054915841,4.78289,0.65,18.83333333,274,1,"50","0","0","0","50","Nocturnal",1.74,1.45765,2,"0","1","1","1","1","0",6,1.06
"Euphractus sexcinctus",4,7,192,365,-19.278735,-48.122972,"Brazil",0.229166667,0.333895834,4.78289,0.65,18.83333333,274,1,"50","0","0","0","50","Nocturnal",1.74,1.45765,2,"0","1","1","1","1","0",6,1.06
"Euphractus sexcinctus",4,7,45,366,-30.347781,-53.998679,"Brazil",0.044323012,0.064578628,4.78289,0.65,18.83333333,274,1,"50","0","0","0","50","Nocturnal",1.74,1.45765,2,"0","1","1","1","1","0",6,1.06
"Galea flavidens",9.3,3.010752688,136,547,-14.157535,-47.59415,"Brazil",0.41214109,0.706409828,0.45,1.36170737333333,7.79383333372,77.03,2.4015,"0","0","0","0","100","Diurnal",2.70948791666667,7,1,"0","1","1","0","0","0",2,722.109092857143
"Galictis cuja",56,0.5,34,1461,-25.753,-54.54,"Argentina",0.029391633,0.029391633,1,4.51482142666667,10.2,475.647356769048,4.93778571428571,"20","20","0","0","0","Nocturnal",3.5,1.51555,5,"0","1","1","1","1","0",8,99.954806952381
"Galictis cuja",28,1,180.4,1126,-22.307184,-43.130266,"Brazil",0.012578127,0.017647112,1,4.51482142666667,10.2,475.647356769048,4.93778571428571,"20","20","0","0","0","Nocturnal",3.5,1.51555,5,"0","1","1","1","1","0",8,99.954806952381
"Galictis cuja",6,4.666666667,26,761,-28.170158,-52.314813,"Brazil",0.055342161,0.094856464,1,4.51482142666667,10.2,475.647356769048,4.93778571428571,"20","20","0","0","0","Nocturnal",3.5,1.51555,5,"0","1","1","1","1","0",8,99.954806952381
"Galictis cuja",4,7,96,365,-19.36333333,-48.07916667,"Brazil",0.041666667,0.071416667,1,4.51482142666667,10.2,475.647356769048,4.93778571428571,"20","20","0","0","0","Nocturnal",3.5,1.51555,5,"0","1","1","1","1","0",8,99.954806952381
"Galictis cuja",8,3.5,29,365,-30.117957,-53.619222,"Brazil",0.275862069,0.472827586,1,4.51482142666667,10.2,475.647356769048,4.93778571428571,"20","20","0","0","0","Nocturnal",3.5,1.51555,5,"0","1","1","1","1","0",8,99.954806952381
"Galictis cuja",4,7,63,242,-26.581324,-48.722133,"Brazil",0.095762823,0.164137479,1,4.51482142666667,10.2,475.647356769048,4.93778571428571,"20","20","0","0","0","Nocturnal",3.5,1.51555,5,"0","1","1","1","1","0",8,99.954806952381
"Galictis cuja",4,7,45,366,-30.347781,-53.998679,"Brazil",0.044323012,0.075969643,1,4.51482142666667,10.2,475.647356769048,4.93778571428571,"20","20","0","0","0","Nocturnal",3.5,1.51555,5,"0","1","1","1","1","0",8,99.954806952381
"Galictis cuja",4,7,90,610,-25.54553,-48.78396,"Brazil",0.006648452,0.011395447,1,4.51482142666667,10.2,475.647356769048,4.93778571428571,"20","20","0","0","0","Nocturnal",3.5,1.51555,5,"0","1","1","1","1","0",8,99.954806952381
"Galictis cuja",4,7,192,365,-19.278735,-48.122972,"Brazil",0.020833333,0.035708333,1,4.51482142666667,10.2,475.647356769048,4.93778571428571,"20","20","0","0","0","Nocturnal",3.5,1.51555,5,"0","1","1","1","1","0",8,99.954806952381
"Galictis cuja",12,2.333333333,59.6,730,-19.72597,-40.644482,"Brazil",0.016778523,0.025620805,1,4.51482142666667,10.2,475.647356769048,4.93778571428571,"20","20","0","0","0","Nocturnal",3.5,1.51555,5,"0","1","1","1","1","0",8,99.954806952381
"Galictis vittata",4,7,100,365,-13.561588,-58.421854,"Brazil",0.02,0.02914,3.2,3.24,11.15416667,468.12909381,1,"20","20","0","0","0","Nocturnal",2,1.4144,5,"0","1","1","1","1","0",8,58.8996520634921
"Galictis vittata",4,7,216,538,-16.575593,-50.261,"Brazil",0.006281839,0.009152639,3.2,3.24,11.15416667,468.12909381,1,"20","20","0","0","0","Nocturnal",2,1.4144,5,"0","1","1","1","1","0",8,58.8996520634921
"Galictis vittata",8,3.5,130,426,-7.167969,-35.367968,"Brazil",0.026363308,0.03841134,3.2,3.24,11.15416667,468.12909381,1,"20","20","0","0","0","Nocturnal",2,1.4144,5,"0","1","1","1","1","0",8,58.8996520634921
"Gracilinanus agilis",9.3,3.010752688,136,547,-14.157535,-47.59415,"Brazil",0.004906442,0.009665691,0.022,0.21800642,6.075,270,1.3605,"50","0","0","0","0","Nocturnal",11.75,2,3,"0","0","0","1","0","0",2,845.234821111111
"Herpailurus yagouaroundi",8,3.5,178.8,91,9.017987,-73.633823,"Colombia",0.044865649,0.065369251,6.875,52.35,16.775,803.5104,1.5,"10","0","0","0","0","Diurnal",2.42,2,3,"0","1","1","1","1","0",8,20.1978815238095
"Herpailurus yagouaroundi",12,2.333333333,99,184,-0.461755,-77.904245,"Ecuador",0.04007466,0.05185661,6.875,52.35,16.775,803.5104,1.5,"10","0","0","0","0","Diurnal",2.42,2,3,"0","1","1","1","1","0",8,20.1978815238095
"Herpailurus yagouaroundi",28,1,180.4,1126,-22.307184,-43.130266,"Brazil",0.001796875,0.002149063,6.875,52.35,16.775,803.5104,1.5,"10","0","0","0","0","Diurnal",2.42,2,3,"0","1","1","1","1","0",8,20.1978815238095
"Herpailurus yagouaroundi",56,0.5,34,1461,-25.753,-54.54,"Argentina",0.132262351,0.132262351,6.875,52.35,16.775,803.5104,1.5,"10","0","0","0","0","Diurnal",2.42,2,3,"0","1","1","1","1","0",8,20.1978815238095
"Herpailurus yagouaroundi",24,1.166666667,99.3,183,9.508766,-75.236148,"Colombia",0.020085957,0.024022805,6.875,52.35,16.775,803.5104,1.5,"10","0","0","0","0","Diurnal",2.42,2,3,"0","1","1","1","1","0",8,20.1978815238095
"Herpailurus yagouaroundi",12,2.333333333,59.6,730,-19.72597,-40.644482,"Brazil",0.008389262,0.010855705,6.875,52.35,16.775,803.5104,1.5,"10","0","0","0","0","Diurnal",2.42,2,3,"0","1","1","1","1","0",8,20.1978815238095
"Herpailurus yagouaroundi",6,4.666666667,26,761,-28.170158,-52.314813,"Brazil",0.018447387,0.026877843,6.875,52.35,16.775,803.5104,1.5,"10","0","0","0","0","Diurnal",2.42,2,3,"0","1","1","1","1","0",8,20.1978815238095
"Herpailurus yagouaroundi",4,7,115,365,-11.904988,-48.737133,"Brazil",0.008695652,0.012669565,6.875,52.35,16.775,803.5104,1.5,"10","0","0","0","0","Diurnal",2.42,2,3,"0","1","1","1","1","0",8,20.1978815238095
"Herpailurus yagouaroundi",4,7,216,538,-16.575593,-50.261,"Brazil",0.012563679,0.01830528,6.875,52.35,16.775,803.5104,1.5,"10","0","0","0","0","Diurnal",2.42,2,3,"0","1","1","1","1","0",8,20.1978815238095
"Herpailurus yagouaroundi",672,0.041666667,57.5,1765,-20.580677,-40.417217,"Brazil",0.007193004,0.007193004,6.875,52.35,16.775,803.5104,1.5,"10","0","0","0","0","Diurnal",2.42,2,3,"0","1","1","1","1","0",8,20.1978815238095
"Herpailurus yagouaroundi",4,7,45,366,-30.347781,-53.998679,"Brazil",0.022161506,0.032289314,6.875,52.35,16.775,803.5104,1.5,"10","0","0","0","0","Diurnal",2.42,2,3,"0","1","1","1","1","0",8,20.1978815238095
"Hydrochoerus hydrochaeris",4,7,45,366,-30.347781,-53.998679,"Brazil",0.044323012,0.064578628,48.14491,0.07,12,566.36,10,"0","0","0","0","90","Diurnal",3.49,1,2,"1","1","1","1","1","1",9,6.48
"Hydrochoerus hydrochaeris",4,7,70,214,-20.187971,-54.806624,"Brazil",0.024365821,0.035501001,48.14491,0.07,12,566.36,10,"0","0","0","0","90","Diurnal",3.49,1,2,"1","1","1","1","1","1",9,6.48
"Hydrochoerus hydrochaeris",4,7,90,610,-25.54553,-48.78396,"Brazil",0.03989071,0.058120764,48.14491,0.07,12,566.36,10,"0","0","0","0","90","Diurnal",3.49,1,2,"1","1","1","1","1","1",9,6.48
"Hydrochoerus hydrochaeris",4,7,96,365,-19.36333333,-48.07916667,"Brazil",0.135416667,0.197302084,48.14491,0.07,12,566.36,10,"0","0","0","0","90","Diurnal",3.49,1,2,"1","1","1","1","1","1",9,6.48
"Hydrochoerus hydrochaeris",28,1,180.4,1126,-22.307184,-43.130266,"Brazil",0.053906259,0.064471886,48.14491,0.07,12,566.36,10,"0","0","0","0","90","Diurnal",3.49,1,2,"1","1","1","1","1","1",9,6.48
"Hydrochoerus hydrochaeris",56,0.5,34,1461,-25.753,-54.54,"Argentina",0.007347908,0.007347908,48.14491,0.07,12,566.36,10,"0","0","0","0","90","Diurnal",3.49,1,2,"1","1","1","1","1","1",9,6.48
"Hydrochoerus hydrochaeris",8,3.5,55,366,-18.232298,-50.431983,"Brazil",0.018132141,0.026418529,48.14491,0.07,12,566.36,10,"0","0","0","0","90","Diurnal",3.49,1,2,"1","1","1","1","1","1",9,6.48
"Hydrochoerus hydrochaeris",4,7,192,365,-19.278735,-48.122972,"Brazil",0.067708333,0.098651041,48.14491,0.07,12,566.36,10,"0","0","0","0","90","Diurnal",3.49,1,2,"1","1","1","1","1","1",9,6.48
"Hydrochoerus hydrochaeris",672,0.041666667,57.5,1765,-20.580677,-40.417217,"Brazil",0.003596502,0.003596502,48.14491,0.07,12,566.36,10,"0","0","0","0","90","Diurnal",3.49,1,2,"1","1","1","1","1","1",9,6.48
"Hydrochoerus hydrochaeris",672,0.041666667,366,1461,-24.866723,-50.445759,"Brazil",0.055972592,0.055972592,48.14491,0.07,12,566.36,10,"0","0","0","0","90","Diurnal",3.49,1,2,"1","1","1","1","1","1",9,6.48
"Hydrochoerus hydrochaeris",4,7,63,242,-26.581324,-48.722133,"Brazil",0.023940706,0.034881609,48.14491,0.07,12,566.36,10,"0","0","0","0","90","Diurnal",3.49,1,2,"1","1","1","1","1","1",9,6.48
"Hydrochoerus hydrochaeris",4,7,100,365,-13.561588,-58.421854,"Brazil",0.08,0.11656,48.14491,0.07,12,566.36,10,"0","0","0","0","90","Diurnal",3.49,1,2,"1","1","1","1","1","1",9,6.48
"Hydrochoerus hydrochaeris",672,0.041666667,412,303,-26.07434,-49.744804,"Brazil",0.017543016,0.017543016,48.14491,0.07,12,566.36,10,"0","0","0","0","90","Diurnal",3.49,1,2,"1","1","1","1","1","1",9,6.48
"Hydrochoerus hydrochaeris",20,1.4,36,183,-10.675567,-62.208069,"Brazil",0.166211293,0.198788706,48.14491,0.07,12,566.36,10,"0","0","0","0","90","Diurnal",3.49,1,2,"1","1","1","1","1","1",9,6.48
"Leopardus colocolo",8,3.5,91.5,181,-4.926667,-80.344444,"Peru",0.022039067,0.032110921,5,3.8,19.55,516.182793438572,1,"0","0","0","0","0","Nocturnal",2.5,1,1,"0","1","1","1","1","0",7,3.97897577777778
"Leopardus colocolo",8,3.5,29,365,-30.117957,-53.619222,"Brazil",0.034482759,0.05024138,5,3.8,19.55,516.182793438572,1,"0","0","0","0","0","Nocturnal",2.5,1,1,"0","1","1","1","1","0",7,3.97897577777778
"Leopardus geoffroyi",8,3.5,29,365,-30.117957,-53.619222,"Brazil",0.068965517,0.100482758,4,5.56,23,479,3.48479487179487,"0","10","0","0","0","Nocturnal",2.02,1.315,3,"0","1","1","1","1","0",8,6.53960944444444
"Leopardus geoffroyi",4,7,45,366,-30.347781,-53.998679,"Brazil",0.044323012,0.064578628,4,5.56,23,479,3.48479487179487,"0","10","0","0","0","Nocturnal",2.02,1.315,3,"0","1","1","1","1","0",8,6.53960944444444
"Leopardus pardalis",4,7,192,365,-19.278735,-48.122972,"Brazil",0.005208333,0.007588541,11.88,5.08,24.76666667,663.5048,1,"0","20","0","0","0","Nocturnal",1.66,1,3,"0","1","1","1","1","0",8,0.102
"Leopardus pardalis",4,7,115,365,-11.904988,-48.737133,"Brazil",0.008695652,0.012669565,11.88,5.08,24.76666667,663.5048,1,"0","20","0","0","0","Nocturnal",1.66,1,3,"0","1","1","1","1","0",8,0.102
"Leopardus pardalis",56,0.5,34,1461,-25.753,-54.54,"Argentina",0.058783267,0.058783267,11.88,5.08,24.76666667,663.5048,1,"0","20","0","0","0","Nocturnal",1.66,1,3,"0","1","1","1","1","0",8,0.102
"Leopardus pardalis",28,1,180.4,1126,-22.307184,-43.130266,"Brazil",0.003593751,0.004298126,11.88,5.08,24.76666667,663.5048,1,"0","20","0","0","0","Nocturnal",1.66,1,3,"0","1","1","1","1","0",8,0.102
"Leopardus pardalis",9.3,3.010752688,136,547,-14.157535,-47.59415,"Brazil",0.009812883,0.014297371,11.88,5.08,24.76666667,663.5048,1,"0","20","0","0","0","Nocturnal",1.66,1,3,"0","1","1","1","1","0",8,0.102
"Leopardus pardalis",4,7,96,365,-19.36333333,-48.07916667,"Brazil",0.010416667,0.015177084,11.88,5.08,24.76666667,663.5048,1,"0","20","0","0","0","Nocturnal",1.66,1,3,"0","1","1","1","1","0",8,0.102
"Leopardus pardalis",40,0.7,12,488,-22.246302,-47.839529,"Brazil",0.062329235,0.062329235,11.88,5.08,24.76666667,663.5048,1,"0","20","0","0","0","Nocturnal",1.66,1,3,"0","1","1","1","1","0",8,0.102
"Leopardus pardalis",672,0.041666667,412,303,-26.07434,-49.744804,"Brazil",0.01461918,0.01461918,11.88,5.08,24.76666667,663.5048,1,"0","20","0","0","0","Nocturnal",1.66,1,3,"0","1","1","1","1","0",8,0.102
"Leopardus pardalis",672,0.041666667,366,1461,-24.866723,-50.445759,"Brazil",0.014334444,0.014334444,11.88,5.08,24.76666667,663.5048,1,"0","20","0","0","0","Nocturnal",1.66,1,3,"0","1","1","1","1","0",8,0.102
"Leopardus pardalis",4,7,90,610,-25.54553,-48.78396,"Brazil",0.006648452,0.009686795,11.88,5.08,24.76666667,663.5048,1,"0","20","0","0","0","Nocturnal",1.66,1,3,"0","1","1","1","1","0",8,0.102
"Leopardus pardalis",4,7,100,365,-13.561588,-58.421854,"Brazil",0.01,0.01457,11.88,5.08,24.76666667,663.5048,1,"0","20","0","0","0","Nocturnal",1.66,1,3,"0","1","1","1","1","0",8,0.102
"Leopardus tigrinus",6,4.666666667,26,761,-28.170158,-52.314813,"Brazil",0.036894774,0.053755686,2.25,2.9,21.79166667,821.25,1,"0","0","0","0","0","Nocturnal",1.5,1.1,1,"0","1","1","1","1","0",8,7.57662033333333
"Leopardus tigrinus",16,1.75,92,153,2.240471,-76.770907,"Colombia",0.051861324,0.067108553,2.25,2.9,21.79166667,821.25,1,"0","0","0","0","0","Nocturnal",1.5,1.1,1,"0","1","1","1","1","0",8,7.57662033333333
"Leopardus tigrinus",16,1.75,13,153,2.099348,-77.005253,"Colombia",0.183509301,0.237461035,2.25,2.9,21.79166667,821.25,1,"0","0","0","0","0","Nocturnal",1.5,1.1,1,"0","1","1","1","1","0",8,7.57662033333333
"Leopardus tigrinus",4,7,90,610,-25.54553,-48.78396,"Brazil",0.026593807,0.038747177,2.25,2.9,21.79166667,821.25,1,"0","0","0","0","0","Nocturnal",1.5,1.1,1,"0","1","1","1","1","0",8,7.57662033333333
"Leopardus tigrinus",672,0.041666667,366,1461,-24.866723,-50.445759,"Brazil",0.010921481,0.010921481,2.25,2.9,21.79166667,821.25,1,"0","0","0","0","0","Nocturnal",1.5,1.1,1,"0","1","1","1","1","0",8,7.57662033333333
"Leopardus tigrinus",12,2.333333333,99,184,-0.461755,-77.904245,"Ecuador",0.02003733,0.025928305,2.25,2.9,21.79166667,821.25,1,"0","0","0","0","0","Nocturnal",1.5,1.1,1,"0","1","1","1","1","0",8,7.57662033333333
"Leopardus tigrinus",56,0.5,34,1461,-25.753,-54.54,"Argentina",0.022043725,0.022043725,2.25,2.9,21.79166667,821.25,1,"0","0","0","0","0","Nocturnal",1.5,1.1,1,"0","1","1","1","1","0",8,7.57662033333333
"Leopardus tigrinus",8,3.5,28,245,-19.936923,-40.482438,"Brazil",0.053206997,0.077522595,2.25,2.9,21.79166667,821.25,1,"0","0","0","0","0","Nocturnal",1.5,1.1,1,"0","1","1","1","1","0",8,7.57662033333333
"Leopardus wiedii",4,7,115,365,-11.904988,-48.737133,"Brazil",0.008695652,0.012669565,3.27081,8.54,21,659,1,"0","0","0","0","0","Nocturnal",1.5,1.06378333333333,2,"0","1","1","1","1","0",8,5.9687351111111
"Leopardus wiedii",56,0.5,34,1461,-25.753,-54.54,"Argentina",0.022043725,0.022043725,3.27081,8.54,21,659,1,"0","0","0","0","0","Nocturnal",1.5,1.06378333333333,2,"0","1","1","1","1","0",8,5.9687351111111
"Leopardus wiedii",4,7,90,610,-25.54553,-48.78396,"Brazil",0.006648452,0.009686795,3.27081,8.54,21,659,1,"0","0","0","0","0","Nocturnal",1.5,1.06378333333333,2,"0","1","1","1","1","0",8,5.9687351111111
"Leopardus wiedii",4,7,45,366,-30.347781,-53.998679,"Brazil",0.022161506,0.032289314,3.27081,8.54,21,659,1,"0","0","0","0","0","Nocturnal",1.5,1.06378333333333,2,"0","1","1","1","1","0",8,5.9687351111111
"Lepus europaeus",40,0.7,12,488,-22.246302,-47.839529,"Brazil",0.062329235,0.062329235,3.74,0.31,10.65,227.66128,1.8865,"0","0","0","0","100","Nocturnal",2.29,3.75,1,"0","1","1","0","1","0",5,47.48
"Lepus europaeus",4,7,90,610,-25.54553,-48.78396,"Brazil",0.079781421,0.11624153,3.74,0.31,10.65,227.66128,1.8865,"0","0","0","0","100","Nocturnal",2.29,3.75,1,"0","1","1","0","1","0",5,47.48
"Lepus europaeus",6,4.666666667,26,761,-28.170158,-52.314813,"Brazil",0.055342161,0.080633529,3.74,0.31,10.65,227.66128,1.8865,"0","0","0","0","100","Nocturnal",2.29,3.75,1,"0","1","1","0","1","0",5,47.48
"Lepus europaeus",4,7,192,365,-19.278735,-48.122972,"Brazil",0.005208333,0.007588541,3.74,0.31,10.65,227.66128,1.8865,"0","0","0","0","100","Nocturnal",2.29,3.75,1,"0","1","1","0","1","0",5,47.48
"Lepus europaeus",672,0.041666667,412,303,-26.07434,-49.744804,"Brazil",0.032162197,0.032162197,3.74,0.31,10.65,227.66128,1.8865,"0","0","0","0","100","Nocturnal",2.29,3.75,1,"0","1","1","0","1","0",5,47.48
"Lepus europaeus",4,7,45,366,-30.347781,-53.998679,"Brazil",0.110807529,0.16144657,3.74,0.31,10.65,227.66128,1.8865,"0","0","0","0","100","Nocturnal",2.29,3.75,1,"0","1","1","0","1","0",5,47.48
"Lepus europaeus",224,0.125,160,790,-22.267404,-48.202888,"Brazil",0.063528481,0.063528481,3.74,0.31,10.65,227.66128,1.8865,"0","0","0","0","100","Nocturnal",2.29,3.75,1,"0","1","1","0","1","0",5,47.48
"Lepus europaeus",56,0.5,34,1461,-25.753,-54.54,"Argentina",0.014695817,0.014695817,3.74,0.31,10.65,227.66128,1.8865,"0","0","0","0","100","Nocturnal",2.29,3.75,1,"0","1","1","0","1","0",5,47.48
"Lontra longicaudis",4,7,45,366,-30.347781,-53.998679,"Brazil",0.022161506,0.032289314,6.55497,6.29,14.89166667,521.539367076667,1,"10","0","0","0","0","Nocturnal",3.3925,1.1511,3,"0","0","1","1","1","1",7,11.1807041111111
"Lontra longicaudis",672,0.041666667,412,303,-26.07434,-49.744804,"Brazil",0.005847672,0.005847672,6.55497,6.29,14.89166667,521.539367076667,1,"10","0","0","0","0","Nocturnal",3.3925,1.1511,3,"0","0","1","1","1","1",7,11.1807041111111
"Lontra longicaudis",672,0.041666667,366,1461,-24.866723,-50.445759,"Brazil",0.006143333,0.006143333,6.55497,6.29,14.89166667,521.539367076667,1,"10","0","0","0","0","Nocturnal",3.3925,1.1511,3,"0","0","1","1","1","1",7,11.1807041111111
"Lontra longicaudis",4,7,90,610,-25.54553,-48.78396,"Brazil",0.006648452,0.009686795,6.55497,6.29,14.89166667,521.539367076667,1,"10","0","0","0","0","Nocturnal",3.3925,1.1511,3,"0","0","1","1","1","1",7,11.1807041111111
"Lutreolina crassicaudata",4,7,192,365,-19.278735,-48.122972,"Brazil",0.010416667,0.017854167,0.5373,0.00143,2.954166667,182.64,2.28864285714286,"20","20","0","0","0","Nocturnal",7.855,2,4,"0","0","1","1","1","0",5,523.273566666667
"Lutreolina crassicaudata",4,7,96,365,-19.36333333,-48.07916667,"Brazil",0.020833333,0.035708333,0.5373,0.00143,2.954166667,182.64,2.28864285714286,"20","20","0","0","0","Nocturnal",7.855,2,4,"0","0","1","1","1","0",5,523.273566666667
"Lycalopex gymnocercus",6,4.666666667,26,761,-28.170158,-52.314813,"Brazil",0.166026483,0.241900586,4.54267,2.68,13.7,304.18,4.57203571428571,"0","20","0","0","20","Nocturnal",3.09,1.1,4,"0","1","1","1","1","0",7,20.534979
"Lycalopex gymnocercus",4,7,45,366,-30.347781,-53.998679,"Brazil",0.243776563,0.355182452,4.54267,2.68,13.7,304.18,4.57203571428571,"0","20","0","0","20","Nocturnal",3.09,1.1,4,"0","1","1","1","1","0",7,20.534979
"Lycalopex gymnocercus",8,3.5,29,365,-30.117957,-53.619222,"Brazil",0.344827586,0.502413793,4.54267,2.68,13.7,304.18,4.57203571428571,"0","20","0","0","20","Nocturnal",3.09,1.1,4,"0","1","1","1","1","0",7,20.534979
"Lycalopex sechurae",8,3.5,91.5,181,-4.926667,-80.344444,"Peru",2.358180117,3.43586843,4.234,2.16235963333333,9.9,549.436595733333,1,"10","30","0","0","10","Nocturnal",3.33115,1.4613,5,"1","0","1","1","0","0",4,38.0224176666667
"Lycalopex vetulus",4,7,96,365,-19.36333333,-48.07916667,"Brazil",0.083333333,0.121416666,4.23347,3.8,12.55833333,276.05452,2.489,"10","30","0","0","10","Diurnal",3.2725,1.625,5,"0","1","1","0","1","0",6,41.521479
"Lycalopex vetulus",4,7,115,365,-11.904988,-48.737133,"Brazil",0.008695652,0.012669565,4.23347,3.8,12.55833333,276.05452,2.489,"10","30","0","0","10","Diurnal",3.2725,1.625,5,"0","1","1","0","1","0",6,41.521479
"Lycalopex vetulus",4,7,70,214,-20.187971,-54.806624,"Brazil",0.048731642,0.071002002,4.23347,3.8,12.55833333,276.05452,2.489,"10","30","0","0","10","Diurnal",3.2725,1.625,5,"0","1","1","0","1","0",6,41.521479
"Lycalopex vetulus",4,7,192,365,-19.278735,-48.122972,"Brazil",0.041666667,0.060708334,4.23347,3.8,12.55833333,276.05452,2.489,"10","30","0","0","10","Diurnal",3.2725,1.625,5,"0","1","1","0","1","0",6,41.521479
"Lycalopex vetulus",4,7,216,538,-16.575593,-50.261,"Brazil",0.012563679,0.01830528,4.23347,3.8,12.55833333,276.05452,2.489,"10","30","0","0","10","Diurnal",3.2725,1.625,5,"0","1","1","0","1","0",6,41.521479
"Lycalopex vetulus",9.3,3.010752688,136,547,-14.157535,-47.59415,"Brazil",0.186444779,0.271650043,4.23347,3.8,12.55833333,276.05452,2.489,"10","30","0","0","10","Diurnal",3.2725,1.625,5,"0","1","1","0","1","0",6,41.521479
"Lycalopex vetulus",4,7,100,365,-13.561588,-58.421854,"Brazil",0.06,0.08742,4.23347,3.8,12.55833333,276.05452,2.489,"10","30","0","0","10","Diurnal",3.2725,1.625,5,"0","1","1","0","1","0",6,41.521479
"Marmosa murina",4,7,100,365,-13.561588,-58.421854,"Brazil",0.01,0.0197,0.03628,1.5835672,12,406.92,1,"40","10","0","0","0","Nocturnal",6.95,2,5,"1","1","0","1","1","0",6,509.452114015873
"Mazama americana",56,0.5,34,1461,-25.753,-54.54,"Argentina",0.066131175,0.066131175,22.79975,0.6095,13.81666667,380.116,1,"0","0","0","20","80","Nocturnal",1.22,1,2,"0","0","1","1","1","0",5,0.24
"Mazama americana",4,7,115,365,-11.904988,-48.737133,"Brazil",0.008695652,0.012669565,22.79975,0.6095,13.81666667,380.116,1,"0","0","0","20","80","Nocturnal",1.22,1,2,"0","0","1","1","1","0",5,0.24
"Mazama gouazoubira",4,7,45,366,-30.347781,-53.998679,"Brazil",0.044323012,0.064578628,16.63317,0.764,13.4,623.938,1,"0","0","0","20","50","Nocturnal",1,1,3,"0","0","1","1","1","0",5,3.16
"Mazama gouazoubira",8,3.5,29,365,-30.117957,-53.619222,"Brazil",0.034482759,0.05024138,16.63317,0.764,13.4,623.938,1,"0","0","0","20","50","Nocturnal",1,1,3,"0","0","1","1","1","0",5,3.16
"Mazama gouazoubira",9.3,3.010752688,136,547,-14.157535,-47.59415,"Brazil",0.004906442,0.007148686,16.63317,0.764,13.4,623.938,1,"0","0","0","20","50","Nocturnal",1,1,3,"0","0","1","1","1","0",5,3.16
"Mazama gouazoubira",40,0.7,12,488,-22.246302,-47.839529,"Brazil",0.062329235,0.062329235,16.63317,0.764,13.4,623.938,1,"0","0","0","20","50","Nocturnal",1,1,3,"0","0","1","1","1","0",5,3.16
"Mazama nana",56,0.5,34,1461,-25.753,-54.54,"Argentina",0.022043725,0.022043725,16.49985,2.22678652,18.29,649.203258649206,3.406,"0","0","0","20","80","Nocturnal",1.53092452380952,1.15893888888889,2,"0","0","0","1","0","0",1,46.4856136587302
"Metachirus nudicaudatus",672,0.041666667,57.5,1765,-20.580677,-40.417217,"Brazil",0.003596502,0.003596502,0.375,0.084,3,425.9916154,1,"30","20","0","0","0","Nocturnal",4.435,1.55,5,"0","0","0","1","1","0",4,22
"Metachirus nudicaudatus",12,2.333333333,99,184,-0.461755,-77.904245,"Ecuador",0.02003733,0.030597003,0.375,0.084,3,425.9916154,1,"30","20","0","0","0","Nocturnal",4.435,1.55,5,"0","0","0","1","1","0",4,22
"Microsciurus flaviventer",12,2.333333333,99,184,-0.461755,-77.904245,"Ecuador",0.02003733,0.035245663,0.092,0.126281426666667,10.6818859724592,410.419167766667,2,"0","0","0","50","0","Diurnal",2,2.0075125,2,"0","0","0","1","0","0",1,385.079384603175
"Mus musculus",56,0.5,12,140,-21.98528,-47.871842,"Brazil",0.217261905,0.217261905,0.0193,0.000516,5,53.355,6.22625,"20","0","0","20","60","Nocturnal",5.805,4.57,3,"1","1","1","1","1","0",9,4000
"Mustela frenata",16,1.75,92,153,2.240471,-76.770907,"Colombia",0.077791986,0.136836103,0.170315,0.21,7.4,162.22388,1,"0","0","0","0","0","Nocturnal",6.36,1,1,"0","1","1","1","1","0",7,403.708477611111
"Mustela frenata",12,2.333333333,99,184,-0.461755,-77.904245,"Ecuador",0.060111989,0.105736989,0.170315,0.21,7.4,162.22388,1,"0","0","0","0","0","Nocturnal",6.36,1,1,"0","1","1","1","1","0",7,403.708477611111
"Myocastor coypus",6,4.666666667,26,761,-28.170158,-52.314813,"Brazil",0.092236935,0.134389214,6.93745,0.02,8.483333333,159.789,7.5,"0","0","0","0","100","Nocturnal",5.34,2.32,1,"0","0","1","1","1","1",6,189.4712995
"Myocastor coypus",4,7,90,610,-25.54553,-48.78396,"Brazil",0.019945355,0.029060382,6.93745,0.02,8.483333333,159.789,7.5,"0","0","0","0","100","Nocturnal",5.34,2.32,1,"0","0","1","1","1","1",6,189.4712995
"Myocastor coypus",4,7,137,365,-32.076796,-52.270823,"Brazil",1.131386861,1.648430656,6.93745,0.02,8.483333333,159.789,7.5,"0","0","0","0","100","Nocturnal",5.34,2.32,1,"0","0","1","1","1","1",6,189.4712995
"Myocastor coypus",28,1,180.4,1126,-22.307184,-43.130266,"Brazil",0.001796875,0.002149063,6.93745,0.02,8.483333333,159.789,7.5,"0","0","0","0","100","Nocturnal",5.34,2.32,1,"0","0","1","1","1","1",6,189.4712995
"Myocastor coypus",40,0.7,12,488,-22.246302,-47.839529,"Brazil",0.062329235,0.062329235,6.93745,0.02,8.483333333,159.789,7.5,"0","0","0","0","100","Nocturnal",5.34,2.32,1,"0","0","1","1","1","1",6,189.4712995
"Myrmecophaga tridactyla",4,7,115,365,-11.904988,-48.737133,"Brazil",0.060869565,0.088686956,29.53183,4,26,1187.004,1,"100","0","0","0","0","Nocturnal",1,1.17,1,"0","1","1","1","1","0",6,0.2
"Myrmecophaga tridactyla",4,7,216,538,-16.575593,-50.261,"Brazil",0.094227592,0.137289602,29.53183,4,26,1187.004,1,"100","0","0","0","0","Nocturnal",1,1.17,1,"0","1","1","1","1","0",6,0.2
"Myrmecophaga tridactyla",4,7,100,365,-13.561588,-58.421854,"Brazil",0.06,0.08742,29.53183,4,26,1187.004,1,"100","0","0","0","0","Nocturnal",1,1.17,1,"0","1","1","1","1","0",6,0.2
"Myrmecophaga tridactyla",4,7,192,365,-19.278735,-48.122972,"Brazil",0.015625,0.022765625,29.53183,4,26,1187.004,1,"100","0","0","0","0","Nocturnal",1,1.17,1,"0","1","1","1","1","0",6,0.2
"Myrmecophaga tridactyla",4,7,70,214,-20.187971,-54.806624,"Brazil",0.21929239,0.319509012,29.53183,4,26,1187.004,1,"100","0","0","0","0","Nocturnal",1,1.17,1,"0","1","1","1","1","0",6,0.2
"Myrmecophaga tridactyla",9.3,3.010752688,136,547,-14.157535,-47.59415,"Brazil",0.004906442,0.007148686,29.53183,4,26,1187.004,1,"100","0","0","0","0","Nocturnal",1,1.17,1,"0","1","1","1","1","0",6,0.2
"Myrmecophaga tridactyla",8,3.5,55,366,-18.232298,-50.431983,"Brazil",0.16318927,0.237766766,29.53183,4,26,1187.004,1,"100","0","0","0","0","Nocturnal",1,1.17,1,"0","1","1","1","1","0",6,0.2
"Myrmecophaga tridactyla",4,7,96,365,-19.36333333,-48.07916667,"Brazil",0.03125,0.04553125,29.53183,4,26,1187.004,1,"100","0","0","0","0","Nocturnal",1,1.17,1,"0","1","1","1","1","0",6,0.2
"Myrmecophaga tridactyla",8.33,3.361344538,107,90,4.390395,-73.297052,"Colombia",0.037902388,0.055223779,29.53183,4,26,1187.004,1,"100","0","0","0","0","Nocturnal",1,1.17,1,"0","1","1","1","1","0",6,0.2
"Nasua nasua",672,0.041666667,412,303,-26.07434,-49.744804,"Brazil",0.008771508,0.008771508,3.79385,0.79,20.6625,785.91,3.58171153846154,"10","0","0","0","0","Diurnal",3.75,1.1,3,"0","0","0","1","1","0",3,9.09
"Nasua nasua",4,7,70,214,-20.187971,-54.806624,"Brazil",0.024365821,0.035501001,3.79385,0.79,20.6625,785.91,3.58171153846154,"10","0","0","0","0","Diurnal",3.75,1.1,3,"0","0","0","1","1","0",3,9.09
"Nasua nasua",4,7,100,365,-13.561588,-58.421854,"Brazil",0.08,0.11656,3.79385,0.79,20.6625,785.91,3.58171153846154,"10","0","0","0","0","Diurnal",3.75,1.1,3,"0","0","0","1","1","0",3,9.09
"Nasua nasua",28,1,180.4,1126,-22.307184,-43.130266,"Brazil",0.001796875,0.002149063,3.79385,0.79,20.6625,785.91,3.58171153846154,"10","0","0","0","0","Diurnal",3.75,1.1,3,"0","0","0","1","1","0",3,9.09
"Nasua nasua",4,7,115,365,-11.904988,-48.737133,"Brazil",0.026086957,0.038008696,3.79385,0.79,20.6625,785.91,3.58171153846154,"10","0","0","0","0","Diurnal",3.75,1.1,3,"0","0","0","1","1","0",3,9.09
"Nasua nasua",4,7,45,366,-30.347781,-53.998679,"Brazil",0.022161506,0.032289314,3.79385,0.79,20.6625,785.91,3.58171153846154,"10","0","0","0","0","Diurnal",3.75,1.1,3,"0","0","0","1","1","0",3,9.09
"Nasua nasua",4,7,216,538,-16.575593,-50.261,"Brazil",0.037691037,0.054915841,3.79385,0.79,20.6625,785.91,3.58171153846154,"10","0","0","0","0","Diurnal",3.75,1.1,3,"0","0","0","1","1","0",3,9.09
"Nasua nasua",8,3.5,25,1310,-6.115415,-49.990498,"Brazil",0.12259542,0.178621527,3.79385,0.79,20.6625,785.91,3.58171153846154,"10","0","0","0","0","Diurnal",3.75,1.1,3,"0","0","0","1","1","0",3,9.09
"Nasua nasua",9.3,3.010752688,136,547,-14.157535,-47.59415,"Brazil",0.009812883,0.014297371,3.79385,0.79,20.6625,785.91,3.58171153846154,"10","0","0","0","0","Diurnal",3.75,1.1,3,"0","0","0","1","1","0",3,9.09
"Nasua nasua",6,4.666666667,26,761,-28.170158,-52.314813,"Brazil",0.18447387,0.268778429,3.79385,0.79,20.6625,785.91,3.58171153846154,"10","0","0","0","0","Diurnal",3.75,1.1,3,"0","0","0","1","1","0",3,9.09
"Nasua nasua",16,1.75,130,304,-20.675583,-43.349806,"Brazil",0.01847166,0.023902328,3.79385,0.79,20.6625,785.91,3.58171153846154,"10","0","0","0","0","Diurnal",3.75,1.1,3,"0","0","0","1","1","0",3,9.09
"Nasua nasua",12,2.333333333,59.6,730,-19.72597,-40.644482,"Brazil",0.008389262,0.010855705,3.79385,0.79,20.6625,785.91,3.58171153846154,"10","0","0","0","0","Diurnal",3.75,1.1,3,"0","0","0","1","1","0",3,9.09
"Nasua nasua",4,7,63,242,-26.581324,-48.722133,"Brazil",0.023940706,0.034881609,3.79385,0.79,20.6625,785.91,3.58171153846154,"10","0","0","0","0","Diurnal",3.75,1.1,3,"0","0","0","1","1","0",3,9.09
"Nasua nasua",672,0.041666667,366,1461,-24.866723,-50.445759,"Brazil",0.038907777,0.038907777,3.79385,0.79,20.6625,785.91,3.58171153846154,"10","0","0","0","0","Diurnal",3.75,1.1,3,"0","0","0","1","1","0",3,9.09
"Nasua nasua",56,0.5,34,1461,-25.753,-54.54,"Argentina",0.183697709,0.183697709,3.79385,0.79,20.6625,785.91,3.58171153846154,"10","0","0","0","0","Diurnal",3.75,1.1,3,"0","0","0","1","1","0",3,9.09
"Nasua nasua",8,3.5,55,366,-18.232298,-50.431983,"Brazil",0.108792846,0.158511177,3.79385,0.79,20.6625,785.91,3.58171153846154,"10","0","0","0","0","Diurnal",3.75,1.1,3,"0","0","0","1","1","0",3,9.09
"Nectomys squamipes",56,0.5,34,1461,-25.753,-54.54,"Argentina",0.007347908,0.007347908,0.19075,0.00155,2.658333333,216.619282428572,1,"30","20","0","0","30","Nocturnal",4.4075,2.254,4,"0","0","0","1","0","0",2,447.6473
"Oligoryzomys flavescens",56,0.5,12,140,-21.98528,-47.871842,"Brazil",0.651785714,0.651785714,0.0213,0.21376622,6.04608055579666,159.338310085714,1.4445,"30","0","0","40","0","Nocturnal",4.5625,2.5826,3,"0","1","1","0","1","0",5,615.453804444444
"Orthogeomys hispidus",10,2.8,8,730,18.436503,-95.089337,"Mexico",0.1875,0.2863125,0.5,0.13332256,11.139483333625,84.30772,2.25941818181818,"0","0","0","0","100","Diurnal",1.9775,3.45931666666667,1,"0","0","0","1","0","0",1,185.864897777778
"Ozotoceros bezoarticus",4,7,100,365,-13.561588,-58.421854,"Brazil",0.01,0.01457,34.6204,6.16,21.875,365,3.5,"0","0","0","0","100","Nocturnal",1,1,1,"0","1","1","0","1","0",5,3.66
"Ozotoceros bezoarticus",9.3,3.010752688,136,547,-14.157535,-47.59415,"Brazil",0.004906442,0.007148686,34.6204,6.16,21.875,365,3.5,"0","0","0","0","100","Nocturnal",1,1,1,"0","1","1","0","1","0",5,3.66
"Panthera onca",56,0.5,34,1461,-25.753,-54.54,"Argentina",0.007347908,0.007347908,83.94309,52.55,23,906.15208,1,"0","10","0","0","0","Nocturnal",1.98,0.5,3,"0","0","1","1","0","1",4,0.02405
"Philander frenatus",28,1,180.4,1126,-22.307184,-43.130266,"Brazil",0.003593751,0.005042033,0.467,0.04,3.5,216.665,1.19589285714286,"30","20","0","0","0","Nocturnal",4.675,2.5,5,"0","0","0","1","1","0",4,96.6161309523809
"Philander frenatus",672,0.041666667,57.5,1765,-20.580677,-40.417217,"Brazil",0.01798251,0.01798251,0.467,0.04,3.5,216.665,1.19589285714286,"30","20","0","0","0","Nocturnal",4.675,2.5,5,"0","0","0","1","1","0",4,96.6161309523809
"Philander opossum",56,0.5,34,1461,-25.753,-54.54,"Argentina",0.007347908,0.007347908,0.51,0.00307,3.5,213.08,1,"30","20","0","0","0","Nocturnal",4.675,2.5,5,"0","1","0","1","1","0",5,95.74
"Philander opossum",4,7,63,242,-26.581324,-48.722133,"Brazil",0.023940706,0.04103437,0.51,0.00307,3.5,213.08,1,"30","20","0","0","0","Nocturnal",4.675,2.5,5,"0","1","0","1","1","0",5,95.74
"Philander opossum",10,2.8,8,730,18.436503,-95.089337,"Mexico",0.8125,1.2406875,0.51,0.00307,3.5,213.08,1,"30","20","0","0","0","Nocturnal",4.675,2.5,5,"0","1","0","1","1","0",5,95.74
"Potos flavus",12,2.333333333,99,184,-0.461755,-77.904245,"Ecuador",0.02003733,0.025928305,2.44181,0.22,32,830.7777,1,"10","0","0","0","0","Nocturnal",1.055,1,3,"0","0","0","1","1","0",3,29.798340047619
"Potos flavus",672,0.041666667,57.5,1765,-20.580677,-40.417217,"Brazil",0.003596502,0.003596502,2.44181,0.22,32,830.7777,1,"10","0","0","0","0","Nocturnal",1.055,1,3,"0","0","0","1","1","0",3,29.798340047619
"Potos flavus",8,3.5,38.92,92,9.245341,-79.64701,"Panama",0.101937084,0.148522331,2.44181,0.22,32,830.7777,1,"10","0","0","0","0","Nocturnal",1.055,1,3,"0","0","0","1","1","0",3,29.798340047619
"Potos flavus",12,2.333333333,59.6,730,-19.72597,-40.644482,"Brazil",0.008389262,0.010855705,2.44181,0.22,32,830.7777,1,"10","0","0","0","0","Nocturnal",1.055,1,3,"0","0","0","1","1","0",3,29.798340047619
"Priodontes maximus",12,2.333333333,54,1827,-17.952576,-48.076082,"Brazil",0.007399299,0.009574693,45.19,3.19,14,320,1,"90","0","0","0","0","Nocturnal",1.5,1.28554166666667,2,"0","1","1","1","1","0",6,1.6
"Procyon cancrivorus",16,1.75,130,304,-20.675583,-43.349806,"Brazil",0.00923583,0.011951164,6.93172,5.57,16.48333333,498.185,1,"50","10","0","10","0","Nocturnal",2.685,1,5,"0","0","1","1","1","0",6,21.5659999206349
"Procyon cancrivorus",4,7,90,610,-25.54553,-48.78396,"Brazil",0.059836066,0.087181148,6.93172,5.57,16.48333333,498.185,1,"50","10","0","10","0","Nocturnal",2.685,1,5,"0","0","1","1","1","0",6,21.5659999206349
"Procyon cancrivorus",4,7,216,538,-16.575593,-50.261,"Brazil",0.021986438,0.03203424,6.93172,5.57,16.48333333,498.185,1,"50","10","0","10","0","Nocturnal",2.685,1,5,"0","0","1","1","1","0",6,21.5659999206349
"Procyon cancrivorus",12,2.333333333,36,730,-1.005806,-46.774428,"Brazil",0.291666667,0.377416667,6.93172,5.57,16.48333333,498.185,1,"50","10","0","10","0","Nocturnal",2.685,1,5,"0","0","1","1","1","0",6,21.5659999206349
"Procyon cancrivorus",4,7,96,365,-19.36333333,-48.07916667,"Brazil",0.208333333,0.303541666,6.93172,5.57,16.48333333,498.185,1,"50","10","0","10","0","Nocturnal",2.685,1,5,"0","0","1","1","1","0",6,21.5659999206349
"Procyon cancrivorus",8,3.5,29,365,-30.117957,-53.619222,"Brazil",0.24137931,0.351689655,6.93172,5.57,16.48333333,498.185,1,"50","10","0","10","0","Nocturnal",2.685,1,5,"0","0","1","1","1","0",6,21.5659999206349
"Procyon cancrivorus",4,7,45,366,-30.347781,-53.998679,"Brazil",0.132969035,0.193735884,6.93172,5.57,16.48333333,498.185,1,"50","10","0","10","0","Nocturnal",2.685,1,5,"0","0","1","1","1","0",6,21.5659999206349
"Procyon cancrivorus",8,3.5,130,426,-7.167969,-35.367968,"Brazil",0.019772481,0.028808505,6.93172,5.57,16.48333333,498.185,1,"50","10","0","10","0","Nocturnal",2.685,1,5,"0","0","1","1","1","0",6,21.5659999206349
"Procyon cancrivorus",4,7,192,365,-19.278735,-48.122972,"Brazil",0.104166667,0.151770834,6.93172,5.57,16.48333333,498.185,1,"50","10","0","10","0","Nocturnal",2.685,1,5,"0","0","1","1","1","0",6,21.5659999206349
"Procyon cancrivorus",20,1.4,36,183,-10.675567,-62.208069,"Brazil",0.055403764,0.066262902,6.93172,5.57,16.48333333,498.185,1,"50","10","0","10","0","Nocturnal",2.685,1,5,"0","0","1","1","1","0",6,21.5659999206349
"Procyon cancrivorus",4,7,115,365,-11.904988,-48.737133,"Brazil",0.034782609,0.050678261,6.93172,5.57,16.48333333,498.185,1,"50","10","0","10","0","Nocturnal",2.685,1,5,"0","0","1","1","1","0",6,21.5659999206349
"Procyon cancrivorus",56,0.5,34,1461,-25.753,-54.54,"Argentina",0.264524701,0.264524701,6.93172,5.57,16.48333333,498.185,1,"50","10","0","10","0","Nocturnal",2.685,1,5,"0","0","1","1","1","0",6,21.5659999206349
"Procyon cancrivorus",12,2.333333333,59.6,730,-19.72597,-40.644482,"Brazil",0.016778523,0.021711409,6.93172,5.57,16.48333333,498.185,1,"50","10","0","10","0","Nocturnal",2.685,1,5,"0","0","1","1","1","0",6,21.5659999206349
"Procyon cancrivorus",8,3.5,51,426,-2.47187,-79.621231,"Ecuador",0.033600295,0.04895563,6.93172,5.57,16.48333333,498.185,1,"50","10","0","10","0","Nocturnal",2.685,1,5,"0","0","1","1","1","0",6,21.5659999206349
"Procyon cancrivorus",9.3,3.010752688,136,547,-14.157535,-47.59415,"Brazil",0.014719325,0.021446057,6.93172,5.57,16.48333333,498.185,1,"50","10","0","10","0","Nocturnal",2.685,1,5,"0","0","1","1","1","0",6,21.5659999206349
"Procyon cancrivorus",8,3.5,27.2,182,9.489191,-75.514281,"Colombia",0.589851325,0.859413381,6.93172,5.57,16.48333333,498.185,1,"50","10","0","10","0","Nocturnal",2.685,1,5,"0","0","1","1","1","0",6,21.5659999206349
"Procyon cancrivorus",8,3.5,178.8,91,9.017987,-73.633823,"Colombia",0.089731298,0.130738501,6.93172,5.57,16.48333333,498.185,1,"50","10","0","10","0","Nocturnal",2.685,1,5,"0","0","1","1","1","0",6,21.5659999206349
"Procyon cancrivorus",672,0.041666667,57.5,1765,-20.580677,-40.417217,"Brazil",0.071930041,0.071930041,6.93172,5.57,16.48333333,498.185,1,"50","10","0","10","0","Nocturnal",2.685,1,5,"0","0","1","1","1","0",6,21.5659999206349
"Procyon cancrivorus",28,1,180.4,1126,-22.307184,-43.130266,"Brazil",0.008984377,0.010745315,6.93172,5.57,16.48333333,498.185,1,"50","10","0","10","0","Nocturnal",2.685,1,5,"0","0","1","1","1","0",6,21.5659999206349
"Procyon cancrivorus",40,0.7,12,488,-22.246302,-47.839529,"Brazil",0.062329235,0.062329235,6.93172,5.57,16.48333333,498.185,1,"50","10","0","10","0","Nocturnal",2.685,1,5,"0","0","1","1","1","0",6,21.5659999206349
"Procyon cancrivorus",4,7,63,242,-26.581324,-48.722133,"Brazil",0.095762823,0.139526433,6.93172,5.57,16.48333333,498.185,1,"50","10","0","10","0","Nocturnal",2.685,1,5,"0","0","1","1","1","0",6,21.5659999206349
"Puma concolor",4,7,115,365,-11.904988,-48.737133,"Brazil",0.008695652,0.012669565,51.60004,129.89,21.85416667,912,1,"0","0","0","0","0","Nocturnal",2.76,0.47,1,"0","1","1","1","1","0",8,0.06
"Puma concolor",672,0.041666667,366,1461,-24.866723,-50.445759,"Brazil",0.000682593,0.000682593,51.60004,129.89,21.85416667,912,1,"0","0","0","0","0","Nocturnal",2.76,0.47,1,"0","1","1","1","1","0",8,0.06
"Puma concolor",9.3,3.010752688,136,547,-14.157535,-47.59415,"Brazil",0.004906442,0.007148686,51.60004,129.89,21.85416667,912,1,"0","0","0","0","0","Nocturnal",2.76,0.47,1,"0","1","1","1","1","0",8,0.06
"Puma concolor",56,0.5,34,1461,-25.753,-54.54,"Argentina",0.014695817,0.014695817,51.60004,129.89,21.85416667,912,1,"0","0","0","0","0","Nocturnal",2.76,0.47,1,"0","1","1","1","1","0",8,0.06
"Rattus norvegicus",8,3.5,91.5,181,-4.926667,-80.344444,"Peru",0.044078133,0.086833922,0.28289,0.00293,5,78.78396,2.5745,"30","0","0","40","10","Nocturnal",8.9225,3.68,4,"1","1","1","1","1","0",9,981.323200000001
"Rattus norvegicus",672,0.041666667,57.5,1765,-20.580677,-40.417217,"Brazil",0.003596502,0.003596502,0.28289,0.00293,5,78.78396,2.5745,"30","0","0","40","10","Nocturnal",8.9225,3.68,4,"1","1","1","1","1","0",9,981.323200000001
"Rattus rattus",8,3.5,28,245,-19.936923,-40.482438,"Brazil",0.106413994,0.209635568,0.2,0.00232,4.2,102.645,2.254,"30","0","0","40","10","Nocturnal",5.915,4.28,4,"1","1","1","1","1","0",8,1280
"Saimiri sciureus",8.33,3.361344538,107,90,4.390395,-73.297052,"Colombia",0.037902388,0.064964693,0.74947,0.68,27,1090.58878,34.85,"20","0","0","20","20","Diurnal",1,1.07,5,"0","0","0","1","0","0",1,22
"Sapajus apella",8,3.5,25,1310,-6.115415,-49.990498,"Brazil",0.011145038,0.01623832,2.6425,0.88,45.08333333,1727.44808,7.9,"20","0","0","20","20","Diurnal",1.05,0.6,6,"0","0","0","1","0","0",2,13
"Sapajus apella",4,7,216,538,-16.575593,-50.261,"Brazil",0.00314092,0.00457632,2.6425,0.88,45.08333333,1727.44808,7.9,"20","0","0","20","20","Diurnal",1.05,0.6,6,"0","0","0","1","0","0",2,13
"Sapajus cay",4,7,100,365,-13.561588,-58.421854,"Brazil",0.04,0.05828,2.6425,0.88,45.08333333,1727.44808,7.9,"20","0","0","20","20","Diurnal",1.05,0.6,6,"0","0","0","1","0","0",1,13
"Sapajus libidinosus",8,3.5,55,366,-18.232298,-50.431983,"Brazil",0.018132141,0.026418529,2.68721,3,45.04166667,1727.44808,7.74904487179486,"20","0","0","0","10","Diurnal",1.05,0.6,5,"0","0","0","1","0","0",2,14.1
"Sciurus aestuans",56,0.5,34,1461,-25.753,-54.54,"Argentina",0.007347908,0.007347908,0.17734,0.107467596666667,8.066666667,249.442666780952,1,"0","0","0","50","30","Diurnal",2.3,2.20994583333333,3,"1","0","0","1","0","0",2,294.825166666667
"Sciurus aestuans",16,1.75,130,304,-20.675583,-43.349806,"Brazil",0.00923583,0.016245825,0.17734,0.107467596666667,8.066666667,249.442666780952,1,"0","0","0","50","30","Diurnal",2.3,2.20994583333333,3,"1","0","0","1","0","0",2,294.825166666667
"Sciurus aestuans",28,1,180.4,1126,-22.307184,-43.130266,"Brazil",0.001796875,0.002894766,0.17734,0.107467596666667,8.066666667,249.442666780952,1,"0","0","0","50","30","Diurnal",2.3,2.20994583333333,3,"1","0","0","1","0","0",2,294.825166666667
"Sciurus aestuans",672,0.041666667,412,303,-26.07434,-49.744804,"Brazil",0.002923836,0.002923836,0.17734,0.107467596666667,8.066666667,249.442666780952,1,"0","0","0","50","30","Diurnal",2.3,2.20994583333333,3,"1","0","0","1","0","0",2,294.825166666667
"Sciurus aureogaster",10,2.8,8,730,18.436503,-95.089337,"Mexico",0.0625,0.0954375,0.595,0.01,11.27916667,280.291303752381,1,"0","0","0","50","30","Diurnal",1.97,1.88956666666667,3,"1","1","0","1","0","0",3,136.234211111111
"Sciurus granatensis",12,2.333333333,99,184,-0.461755,-77.904245,"Ecuador",0.120223979,0.183582016,0.31844,0.00778,11.475,324.280946546667,1,"0","0","0","50","30","Diurnal",1.915,1.95,3,"1","0","0","1","0","0",2,50
"Sciurus igniventris",14,2,34,243,-10.21618,-75.585138,"Peru",0.044178165,0.067460058,0.7,0.127386606666667,11.9070256553577,396.1084539,1,"0","0","0","50","30","Diurnal",2.20256,1.7577,3,"0","0","0","1","0","0",1,69.8407882777778
"Sciurus stramineus",8,3.5,91.5,181,-4.926667,-80.344444,"Peru",0.110195333,0.188874801,0.4333,0.135579733333333,7.316666667,250.265929314286,1.3625,"0","0","0","50","30","Diurnal",2.9862675,2.09574583333333,3,"1","0","0","1","0","0",2,104.355533333333
"Sciurus stramineus",8,3.5,51,426,-2.47187,-79.621231,"Ecuador",0.067200589,0.11518181,0.4333,0.135579733333333,7.316666667,250.265929314286,1.3625,"0","0","0","50","30","Diurnal",2.9862675,2.09574583333333,3,"1","0","0","1","0","0",2,104.355533333333
"Sciurus variegatoides",8,3.5,38.92,92,9.245341,-79.64701,"Panama",0.101937084,0.174720162,0.485,0.294376473333333,15.07916667,94.5,2.15283333333333,"0","0","0","50","30","Diurnal",4.99,2.5074,3,"0","1","0","1","1","0",4,143.507320777778
"Speothos venaticus",24,1.166666667,99.3,183,9.508766,-75.236148,"Colombia",0.020085957,0.024022805,6,4.6,10.33333333,319.598,4.5,"0","0","0","0","0","Diurnal",3.965,2,1,"0","0","1","1","1","0",5,0.04
"Sylvilagus brasiliensis",12,2.333333333,59.6,730,-19.72597,-40.644482,"Brazil",0.016778523,0.025620805,0.96837,0.10030404,2,113.04906,1,"0","0","0","0","100","Nocturnal",2.225,4.6,1,"0","1","1","1","1","0",5,788.8185
"Sylvilagus brasiliensis",10,2.8,8,730,18.436503,-95.089337,"Mexico",0.4375,0.6680625,0.96837,0.10030404,2,113.04906,1,"0","0","0","0","100","Nocturnal",2.225,4.6,1,"0","1","1","1","1","0",5,788.8185
"Sylvilagus brasiliensis",16,1.75,130,304,-20.675583,-43.349806,"Brazil",0.11082996,0.169237349,0.96837,0.10030404,2,113.04906,1,"0","0","0","0","100","Nocturnal",2.225,4.6,1,"0","1","1","1","1","0",5,788.8185
"Sylvilagus brasiliensis",40,0.7,12,488,-22.246302,-47.839529,"Brazil",0.12465847,0.12465847,0.96837,0.10030404,2,113.04906,1,"0","0","0","0","100","Nocturnal",2.225,4.6,1,"0","1","1","1","1","0",5,788.8185
"Sylvilagus brasiliensis",8,3.5,28,245,-19.936923,-40.482438,"Brazil",0.053206997,0.091196793,0.96837,0.10030404,2,113.04906,1,"0","0","0","0","100","Nocturnal",2.225,4.6,1,"0","1","1","1","1","0",5,788.8185
"Sylvilagus brasiliensis",9.3,3.010752688,136,547,-14.157535,-47.59415,"Brazil",0.004906442,0.008409642,0.96837,0.10030404,2,113.04906,1,"0","0","0","0","100","Nocturnal",2.225,4.6,1,"0","1","1","1","1","0",5,788.8185
"Sylvilagus brasiliensis",28,1,180.4,1126,-22.307184,-43.130266,"Brazil",0.012578127,0.017647112,0.96837,0.10030404,2,113.04906,1,"0","0","0","0","100","Nocturnal",2.225,4.6,1,"0","1","1","1","1","0",5,788.8185
"Sylvilagus brasiliensis",8,3.5,51,426,-2.47187,-79.621231,"Ecuador",0.033600295,0.057590906,0.96837,0.10030404,2,113.04906,1,"0","0","0","0","100","Nocturnal",2.225,4.6,1,"0","1","1","1","1","0",5,788.8185
"Sylvilagus brasiliensis",8,3.5,25,1310,-6.115415,-49.990498,"Brazil",0.011145038,0.019102595,0.96837,0.10030404,2,113.04906,1,"0","0","0","0","100","Nocturnal",2.225,4.6,1,"0","1","1","1","1","0",5,788.8185
"Sylvilagus brasiliensis",56,0.5,34,1461,-25.753,-54.54,"Argentina",0.514353585,0.514353585,0.96837,0.10030404,2,113.04906,1,"0","0","0","0","100","Nocturnal",2.225,4.6,1,"0","1","1","1","1","0",5,788.8185
"Sylvilagus brasiliensis",672,0.041666667,57.5,1765,-20.580677,-40.417217,"Brazil",0.032368518,0.032368518,0.96837,0.10030404,2,113.04906,1,"0","0","0","0","100","Nocturnal",2.225,4.6,1,"0","1","1","1","1","0",5,788.8185
"Sylvilagus brasiliensis",12,2.333333333,99,184,-0.461755,-77.904245,"Ecuador",0.02003733,0.030597003,0.96837,0.10030404,2,113.04906,1,"0","0","0","0","100","Nocturnal",2.225,4.6,1,"0","1","1","1","1","0",5,788.8185
"Sylvilagus floridanus",24,1.166666667,99.3,183,9.508766,-75.236148,"Colombia",0.020085957,0.024022805,1.178595,0.01,9,123,2.3555,"0","0","0","0","100","Nocturnal",4.81,3.9,1,"0","1","1","1","1","0",6,728.96
"Sylvilagus floridanus",8,3.5,178.8,91,9.017987,-73.633823,"Colombia",0.022432824,0.032684625,1.178595,0.01,9,123,2.3555,"0","0","0","0","100","Nocturnal",4.81,3.9,1,"0","1","1","1","1","0",6,728.96
"Sylvilagus floridanus",10,2.8,8,730,18.436503,-95.089337,"Mexico",0.125,0.16175,1.178595,0.01,9,123,2.3555,"0","0","0","0","100","Nocturnal",4.81,3.9,1,"0","1","1","1","1","0",6,728.96
"Sylvilagus floridanus",8,3.5,49,182,9.821408,-75.442693,"Colombia",0.245570756,0.357796591,1.178595,0.01,9,123,2.3555,"0","0","0","0","100","Nocturnal",4.81,3.9,1,"0","1","1","1","1","0",6,728.96
"Tamandua mexicana",24,1.166666667,99.3,183,9.508766,-75.236148,"Colombia",0.080343828,0.096091218,4.194255,0.22,9.5,365.116,1,"100","0","0","0","0","Nocturnal",1,1.175,1,"0","0","1","1","1","0",5,5
"Tamandua mexicana",8,3.5,178.8,91,9.017987,-73.633823,"Colombia",2.063819849,3.00698552,4.194255,0.22,9.5,365.116,1,"100","0","0","0","0","Nocturnal",1,1.175,1,"0","0","1","1","1","0",5,5
"Tamandua mexicana",8,3.5,49,182,9.821408,-75.442693,"Colombia",0.327427674,0.477062121,4.194255,0.22,9.5,365.116,1,"100","0","0","0","0","Nocturnal",1,1.175,1,"0","0","1","1","1","0",5,5
"Tamandua mexicana",8,3.5,27.2,182,9.489191,-75.514281,"Colombia",2.359405301,3.437653524,4.194255,0.22,9.5,365.116,1,"100","0","0","0","0","Nocturnal",1,1.175,1,"0","0","1","1","1","0",5,5
"Tamandua mexicana",8,3.5,38.92,92,9.245341,-79.64701,"Panama",0.407748335,0.594089324,4.194255,0.22,9.5,365.116,1,"100","0","0","0","0","Nocturnal",1,1.175,1,"0","0","1","1","1","0",5,5
"Tamandua tetradactyla",9.3,3.010752688,136,547,-14.157535,-47.59415,"Brazil",0.014719325,0.021446057,4.8,2.72,9.5,365.116,1,"100","0","0","0","0","Nocturnal",1,1.35,1,"0","0","1","1","1","0",6,0.39
"Tamandua tetradactyla",4,7,115,365,-11.904988,-48.737133,"Brazil",0.052173913,0.076017391,4.8,2.72,9.5,365.116,1,"100","0","0","0","0","Nocturnal",1,1.35,1,"0","0","1","1","1","0",6,0.39
"Tamandua tetradactyla",672,0.041666667,412,303,-26.07434,-49.744804,"Brazil",0.01461918,0.01461918,4.8,2.72,9.5,365.116,1,"100","0","0","0","0","Nocturnal",1,1.35,1,"0","0","1","1","1","0",6,0.39
"Tamandua tetradactyla",12,2.333333333,36,730,-1.005806,-46.774428,"Brazil",0.125,0.16175,4.8,2.72,9.5,365.116,1,"100","0","0","0","0","Nocturnal",1,1.35,1,"0","0","1","1","1","0",6,0.39
"Tamandua tetradactyla",8,3.5,25,1310,-6.115415,-49.990498,"Brazil",0.044580153,0.064953283,4.8,2.72,9.5,365.116,1,"100","0","0","0","0","Nocturnal",1,1.35,1,"0","0","1","1","1","0",6,0.39
"Tamandua tetradactyla",4,7,192,365,-19.278735,-48.122972,"Brazil",0.072916667,0.106239584,4.8,2.72,9.5,365.116,1,"100","0","0","0","0","Nocturnal",1,1.35,1,"0","0","1","1","1","0",6,0.39
"Tamandua tetradactyla",28,1,180.4,1126,-22.307184,-43.130266,"Brazil",0.010781252,0.012894377,4.8,2.72,9.5,365.116,1,"100","0","0","0","0","Nocturnal",1,1.35,1,"0","0","1","1","1","0",6,0.39
"Tamandua tetradactyla",4,7,90,610,-25.54553,-48.78396,"Brazil",0.066484517,0.096867941,4.8,2.72,9.5,365.116,1,"100","0","0","0","0","Nocturnal",1,1.35,1,"0","0","1","1","1","0",6,0.39
"Tamandua tetradactyla",4,7,100,365,-13.561588,-58.421854,"Brazil",0.11,0.16027,4.8,2.72,9.5,365.116,1,"100","0","0","0","0","Nocturnal",1,1.35,1,"0","0","1","1","1","0",6,0.39
"Tamandua tetradactyla",20,1.4,36,183,-10.675567,-62.208069,"Brazil",0.055403764,0.066262902,4.8,2.72,9.5,365.116,1,"100","0","0","0","0","Nocturnal",1,1.35,1,"0","0","1","1","1","0",6,0.39
"Tamandua tetradactyla",12,2.333333333,59.6,730,-19.72597,-40.644482,"Brazil",0.016778523,0.021711409,4.8,2.72,9.5,365.116,1,"100","0","0","0","0","Nocturnal",1,1.35,1,"0","0","1","1","1","0",6,0.39
"Tamandua tetradactyla",8.33,3.361344538,107,90,4.390395,-73.297052,"Colombia",0.379023884,0.552237799,4.8,2.72,9.5,365.116,1,"100","0","0","0","0","Nocturnal",1,1.35,1,"0","0","1","1","1","0",6,0.39
"Tamandua tetradactyla",4,7,216,538,-16.575593,-50.261,"Brazil",0.23242806,0.338647683,4.8,2.72,9.5,365.116,1,"100","0","0","0","0","Nocturnal",1,1.35,1,"0","0","1","1","1","0",6,0.39
"Tamandua tetradactyla",4,7,45,366,-30.347781,-53.998679,"Brazil",0.044323012,0.064578628,4.8,2.72,9.5,365.116,1,"100","0","0","0","0","Nocturnal",1,1.35,1,"0","0","1","1","1","0",6,0.39
"Tamandua tetradactyla",56,0.5,34,1461,-25.753,-54.54,"Argentina",0.573136852,0.573136852,4.8,2.72,9.5,365.116,1,"100","0","0","0","0","Nocturnal",1,1.35,1,"0","0","1","1","1","0",6,0.39
"Tamandua tetradactyla",4,7,63,242,-26.581324,-48.722133,"Brazil",0.215466352,0.313934475,4.8,2.72,9.5,365.116,1,"100","0","0","0","0","Nocturnal",1,1.35,1,"0","0","1","1","1","0",6,0.39
"Tamandua tetradactyla",672,0.041666667,57.5,1765,-20.580677,-40.417217,"Brazil",0.032368518,0.032368518,4.8,2.72,9.5,365.116,1,"100","0","0","0","0","Nocturnal",1,1.35,1,"0","0","1","1","1","0",6,0.39
"Tamandua tetradactyla",4,7,96,365,-19.36333333,-48.07916667,"Brazil",0.145833333,0.212479166,4.8,2.72,9.5,365.116,1,"100","0","0","0","0","Nocturnal",1,1.35,1,"0","0","1","1","1","0",6,0.39
"Tamandua tetradactyla",6,4.666666667,26,761,-28.170158,-52.314813,"Brazil",0.092236935,0.134389214,4.8,2.72,9.5,365.116,1,"100","0","0","0","0","Nocturnal",1,1.35,1,"0","0","1","1","1","0",6,0.39
"Tapirus terrestris",9.3,3.010752688,136,547,-14.157535,-47.59415,"Brazil",0.004906442,0.007148686,207.50091,4.4,35,862.17,1,"0","0","0","0","100","Nocturnal",1,1.02854714285714,1,"0","0","1","1","1","0",5,0.4
"Tapirus terrestris",8,3.5,55,366,-18.232298,-50.431983,"Brazil",0.018132141,0.026418529,207.50091,4.4,35,862.17,1,"0","0","0","0","100","Nocturnal",1,1.02854714285714,1,"0","0","1","1","1","0",5,0.4
"Tapirus terrestris",4,7,100,365,-13.561588,-58.421854,"Brazil",0.04,0.05828,207.50091,4.4,35,862.17,1,"0","0","0","0","100","Nocturnal",1,1.02854714285714,1,"0","0","1","1","1","0",5,0.4
